"last_name, first_name","player_id","year","babip"
"Hunter, Torii","116338","2015",".258"
"Ortiz, David","120074","2015",".264"
"Rodriguez, Alex","121347","2015",".278"
"Ramirez, Aramis","133380","2015",".253"
"Beltré, Adrian","134181","2015",".295"
"Beltrán, Carlos","136860","2015",".297"
"Werth, Jayson","150029","2015",".253"
"Cuddyer, Michael","150212","2015",".312"
"Pierzynski, A.J.","150229","2015",".310"
"Rollins, Jimmy","276519","2015",".246"
"Uribe, Juan","346874","2015",".288"
"Suzuki, Ichiro","400085","2015",".257"
"Martinez, Victor","400121","2015",".253"
"Utley, Chase","400284","2015",".230"
"Pujols, Albert","405395","2015",".217"
"Byrd, Marlon","407781","2015",".297"
"Teixeira, Mark","407893","2015",".246"
"Mauer, Joe","408045","2015",".309"
"Cabrera, Miguel","408234","2015",".384"
"González, Adrián","408236","2015",".294"
"Phillips, Brandon","408252","2015",".315"
"Infante, Omar","408299","2015",".255"
"Reyes, José","408314","2015",".301"
"Peralta, Jhonny","425509","2015",".311"
"LaRoche, Adam","425560","2015",".269"
"Rios, Alex","425567","2015",".294"
"Loney, James","425766","2015",".298"
"Choo, Shin-Soo","425783","2015",".335"
"Rivera, René","425784","2015",".230"
"Francoeur, Jeff","425796","2015",".297"
"Molina, Yadier","425877","2015",".295"
"Fielder, Prince","425902","2015",".323"
"Canó, Robinson","429664","2015",".316"
"Encarnación, Edwin","429665","2015",".267"
"Hardy, J.J.","429666","2015",".257"
"Howard, Ryan","429667","2015",".272"
"DeJesus, David","430203","2015",".266"
"Johnson, Kelly","430637","2015",".315"
"Bautista, José","430832","2015",".237"
"Peña, Brayan","430910","2015",".303"
"Jones, Adam","430945","2015",".286"
"Aybar, Erick","430947","2015",".300"
"Hill, Aaron","431094","2015",".253"
"Martin, Russell","431145","2015",".262"
"Granderson, Curtis","434158","2015",".305"
"Ruiz, Carlos","434563","2015",".242"
"Pagán, Ángel","434636","2015",".310"
"Davis, Rajai","434658","2015",".308"
"Ramirez, Hanley","434670","2015",".257"
"Morales, Kendrys","434778","2015",".319"
"Kendrick III, Howie","435062","2015",".342"
"Napoli, Mike","435063","2015",".268"
"Kinsler, Ian","435079","2015",".323"
"McCann, Brian","435263","2015",".235"
"Walker, Neil","435522","2015",".306"
"Suzuki, Kurt","435559","2015",".265"
"Desmond, Ian","435622","2015",".307"
"Cruz Jr., Nelson","443558","2015",".350"
"Trumbo, Mark","444432","2015",".313"
"Peralta, David","444482","2015",".368"
"Ethier, Andre","444843","2015",".330"
"Escobar, Alcides","444876","2015",".286"
"Prado, Martín","445988","2015",".313"
"Duda, Lucas","446263","2015",".285"
"Longoria, Evan","446334","2015",".309"
"Guyer, Brandon","446386","2015",".303"
"Reynolds, Mark","448602","2015",".300"
"Davis, Chris","448801","2015",".319"
"Aviles, Mike","449107","2015",".250"
"Zobrist, Ben","450314","2015",".288"
"Fowler, Dexter","451594","2015",".308"
"Flowers, Tyler","452095","2015",".320"
"Headley, Chase","452104","2015",".317"
"Drew, Stephen","452220","2015",".201"
"Smith, Seth","452234","2015",".298"
"Lind, Adam","452252","2015",".309"
"Cabrera, Asdrúbal","452678","2015",".306"
"Ellsbury, Jacoby","453056","2015",".301"
"Tulowitzki, Troy","453064","2015",".331"
"Fuld, Sam","453539","2015",".235"
"Blackmon, Charlie","453568","2015",".325"
"Blanco, Grégor","453923","2015",".338"
"Frazier, Todd","453943","2015",".271"
"Iannetta, Chris","455104","2015",".225"
"Young, Chris","455759","2015",".283"
"Markakis, Nick","455976","2015",".338"
"Pedroia, Dustin","456030","2015",".308"
"Castillo, Welington","456078","2015",".263"
"Bourn, Michael","456422","2015",".315"
"Pearce, Steve","456665","2015",".232"
"Butler, Billy","456714","2015",".282"
"Cain, Lorenzo","456715","2015",".347"
"De Aza, Alejandro","457477","2015",".331"
"McCutchen, Andrew","457705","2015",".339"
"Jackson, Austin","457706","2015",".342"
"Upton, Justin","457708","2015",".304"
"Maybin, Cameron","457727","2015",".316"
"Turner, Justin","457759","2015",".321"
"Posey III, Buster","457763","2015",".320"
"Espinosa, Danny","457787","2015",".299"
"Bruce, Jay","457803","2015",".251"
"Votto, Joey","458015","2015",".371"
"Coghlan, Chris","458085","2015",".284"
"Rasmus, Colby","458675","2015",".305"
"Gardner, Brett","458731","2015",".312"
"Hundley, Nick","460026","2015",".356"
"Braun, Ryan","460075","2015",".322"
"Gordon, Alex","460086","2015",".327"
"Gómez, Carlos","460576","2015",".307"
"Moss, Brandon","461235","2015",".285"
"Kemp, Matt","461314","2015",".311"
"Venable, Will","461416","2015",".317"
"Murphy, David","461815","2015",".300"
"Plouffe, Trevor","461858","2015",".274"
"Andrus, Elvis","462101","2015",".283"
"Cervelli, Francisco","465041","2015",".359"
"Cabrera, Melky","466320","2015",".297"
"Sandoval, Pablo","467055","2015",".270"
"Ramos, Wilson","467092","2015",".256"
"Santana, Carlos","467793","2015",".261"
"Parra, Gerardo","467827","2015",".325"
"Montero, Miguel","471083","2015",".306"
"González, Carlos","471865","2015",".284"
"Valbuena, Luis","472528","2015",".235"
"Mercer, Jordy","474568","2015",".290"
"Belt, Brandon","474832","2015",".363"
"Carter, Chris","474892","2015",".244"
"Alonso, Yonder","475174","2015",".313"
"Flaherty, Ryan","475247","2015",".251"
"Smoak, Justin","475253","2015",".254"
"Zimmerman, Ryan","475582","2015",".268"
"Álvarez, Pedro","476883","2015",".279"
"Brantley Jr., Michael","488726","2015",".318"
"Castro, Jason","488771","2015",".280"
"Escobar, Yunel","488862","2015",".347"
"Morrison, Logan","489149","2015",".238"
"Aoki, Norichika","493114","2015",".298"
"Cespedes, Yoenis","493316","2015",".323"
"Ramirez, Alexei","493351","2015",".264"
"Colabello, Chris","499624","2015",".411"
"Solarte, Yangervis","500208","2015",".279"
"Escobar, Eduardo","500871","2015",".301"
"Lagares, Juan","501571","2015",".308"
"Freese, David","501896","2015",".310"
"Davis, Khris","501981","2015",".285"
"Chisenhall, Lonnie","502082","2015",".288"
"Martinez, J.D.","502110","2015",".339"
"Valencia, Danny","502143","2015",".329"
"Reddick, Josh","502210","2015",".278"
"Murphy, Daniel","502517","2015",".278"
"Goldschmidt, Paul","502671","2015",".382"
"Gonzalez, Marwin","503556","2015",".326"
"Amarista, Alexi","506560","2015",".232"
"Altuve, Jose","514888","2015",".329"
"Tejada, Rubén","514913","2015",".315"
"Hernández, César","514917","2015",".342"
"Segura, Jean","516416","2015",".298"
"Castro, Starlin","516770","2015",".298"
"Marte, Starling","516782","2015",".333"
"Paredes, Jimmy","517370","2015",".369"
"Donaldson, Josh","518626","2015",".314"
"Freeman, Freddie","518692","2015",".321"
"Grandal, Yasmani","518735","2015",".268"
"Heyward, Jason","518792","2015",".329"
"LeMahieu, DJ","518934","2015",".362"
"Lucroy, Jonathan","518960","2015",".297"
"Moreland, Mitch","519048","2015",".317"
"Moustakas, Mike","519058","2015",".294"
"Norris, Derek","519083","2015",".310"
"Revere, Ben","519184","2015",".338"
"Rizzo, Anthony","519203","2015",".289"
"Robinson, Clint","519208","2015",".298"
"Sogard, Eric","519299","2015",".283"
"Souza Jr., Steven","519306","2015",".318"
"Stanton, Giancarlo","519317","2015",".294"
"Vogt, Stephen","519390","2015",".290"
"Galvis, Freddy","520471","2015",".309"
"Perez, Salvador","521692","2015",".270"
"Forsythe, Logan","523253","2015",".323"
"Flores, Wilmer","527038","2015",".273"
"García, Avisaíl","541645","2015",".320"
"Inciarte, Ender","542255","2015",".329"
"Ozuna, Marcell","542303","2015",".320"
"Burns, Billy","542993","2015",".339"
"Crawford, Brandon","543063","2015",".294"
"Cron, C.J.","543068","2015",".293"
"Giavotella, Johnny","543213","2015",".301"
"Gomes, Yan","543228","2015",".285"
"Gose, Anthony","543238","2015",".352"
"Harrison, Josh","543281","2015",".336"
"Hicks, Aaron","543305","2015",".285"
"Hosmer, Eric","543333","2015",".336"
"Joseph, Caleb","543376","2015",".269"
"Kipnis, Jason","543401","2015",".356"
"Lawrie, Brett","543434","2015",".320"
"McCann, James","543510","2015",".325"
"Miller, Brad","543543","2015",".307"
"Rendon, Anthony","543685","2015",".321"
"Semien, Marcus","543760","2015",".312"
"Springer III, George","543807","2015",".342"
"Strange-Gordon, Dee","543829","2015",".383"
"Wong, Kolten","543939","2015",".296"
"Gregorius, Didi","544369","2015",".297"
"Grichuk, Randal","545341","2015",".365"
"Marisnick, Jake","545350","2015",".310"
"Trout, Mike","545361","2015",".344"
"Herrera, Odúbel","546318","2015",".387"
"Harper, Bryce","547180","2015",".369"
"Martin, Leonys","547982","2015",".270"
"Abreu, José","547989","2015",".333"
"Suárez, Eugenio","553993","2015",".341"
"Polanco, Gregory","570256","2015",".308"
"Sánchez, Yolmer","570560","2015",".270"
"Schoop, Jonathan","570731","2015",".329"
"Arenado, Nolan","571448","2015",".284"
"Bour, Justin","571506","2015",".294"
"Gennett, Scooter","571697","2015",".309"
"Hamilton, Billy","571740","2015",".264"
"Holt, Brock","571788","2015",".350"
"Lamb, Jake","571875","2015",".344"
"Owings, Chris","572008","2015",".305"
"Paulsen, Ben","572019","2015",".351"
"Pollock, AJ","572041","2015",".338"
"Seager, Kyle","572122","2015",".278"
"Taylor, Michael A.","572191","2015",".311"
"Zunino, Mike","572287","2015",".239"
"Goins, Ryan","572365","2015",".304"
"Carpenter, Matt","572761","2015",".321"
"Dozier, Brian","572821","2015",".261"
"Gyorko, Jedd","576397","2015",".290"
"Iglesias, Jose","578428","2015",".330"
"Hechavarría, Adeiny","588751","2015",".325"
"Bryant, Kris","592178","2015",".378"
"Canha, Mark","592192","2015",".289"
"Castellanos, Nick","592206","2015",".322"
"DeShields, Delino","592261","2015",".334"
"Machado, Manny","592518","2015",".297"
"Pederson, Joc","592626","2015",".262"
"Realmuto, J.T.","592663","2015",".285"
"Rosario, Eddie","592696","2015",".332"
"Simmons, Andrelton","592743","2015",".285"
"Yelich, Christian","592885","2015",".370"
"Bogaerts, Xander","593428","2015",".372"
"Sanó, Miguel","593934","2015",".396"
"Calhoun, Kole","594777","2015",".304"
"Eaton, Adam","594809","2015",".345"
"Gattis, Evan","594828","2015",".264"
"Kiermaier, Kevin","595281","2015",".306"
"Lindor, Francisco","596019","2015",".348"
"Odor, Rougned","596059","2015",".283"
"Swihart, Blake","596119","2015",".359"
"Franco, Maikel","596748","2015",".297"
"Ahmed, Nick","605113","2015",".257"
"Asche, Cody","605125","2015",".304"
"Betts, Mookie","605141","2015",".310"
"Panik, Joe","605412","2015",".330"
"Spangenberg, Cory","605486","2015",".344"
"Tucker, Preston","605512","2015",".274"
"Peterson, Jace","607054","2015",".296"
"Pillar, Kevin","607680","2015",".306"
"Ramírez, José","608070","2015",".232"
"Russell, Addison","608365","2015",".324"
"Correa, Carlos","621043","2015",".296"
"Duffy, Matt","622110","2015",".336"
"Puig, Yasiel","624577","2015",".296"
"Soler, Jorge","624585","2015",".361"
"Kang, Jung Ho","628356","2015",".344"
"Tomás, Yasmany","630111","2015",".354"
"Ortiz, David","120074","2016",".312"
"Beltré, Adrian","134181","2016",".293"
"Beltrán, Carlos","136860","2016",".315"
"Werth, Jayson","150029","2016",".288"
"Suzuki, Ichiro","400085","2016",".329"
"Martinez, Victor","400121","2016",".303"
"Utley, Chase","400284","2016",".299"
"Pujols, Albert","405395","2016",".260"
"Holliday, Matt","407812","2016",".253"
"Teixeira, Mark","407893","2016",".238"
"Mauer, Joe","408045","2016",".301"
"Cabrera, Miguel","408234","2016",".336"
"González, Adrián","408236","2016",".328"
"Phillips, Brandon","408252","2016",".312"
"Crisp, Coco","424825","2016",".252"
"Peralta, Jhonny","425509","2016",".294"
"Loney, James","425766","2016",".275"
"Francoeur, Jeff","425796","2016",".333"
"Upton Jr., B.J.","425834","2016",".300"
"Molina, Yadier","425877","2016",".335"
"Navarro, Dioner","425900","2016",".248"
"Fielder, Prince","425902","2016",".235"
"Canó, Robinson","429664","2016",".299"
"Encarnación, Edwin","429665","2016",".270"
"Hardy, J.J.","429666","2016",".299"
"Howard, Ryan","429667","2016",".205"
"Johnson, Kelly","430637","2016",".281"
"Bautista, José","430832","2016",".255"
"Jones, Adam","430945","2016",".280"
"Aybar, Erick","430947","2016",".283"
"Hill, Aaron","431094","2016",".284"
"Martin, Russell","431145","2016",".291"
"Granderson, Curtis","434158","2016",".254"
"Pagán, Ángel","434636","2016",".298"
"Davis, Rajai","434658","2016",".299"
"Ramirez, Hanley","434670","2016",".315"
"Morales, Kendrys","434778","2016",".283"
"Kendrick III, Howie","435062","2016",".301"
"Napoli, Mike","435063","2016",".296"
"Kinsler, Ian","435079","2016",".314"
"McCann, Brian","435263","2016",".269"
"Walker, Neil","435522","2016",".302"
"Suzuki, Kurt","435559","2016",".276"
"Desmond, Ian","435622","2016",".350"
"Cruz Jr., Nelson","443558","2016",".320"
"Jaso, John","444379","2016",".314"
"Trumbo, Mark","444432","2016",".278"
"Escobar, Alcides","444876","2016",".295"
"Jay, Jon","445055","2016",".369"
"Prado, Martín","445988","2016",".331"
"Wieters, Matt","446308","2016",".265"
"Longoria, Evan","446334","2016",".298"
"Cozart, Zack","446359","2016",".274"
"Barney, Darwin","446381","2016",".310"
"Guyer, Brandon","446386","2016",".300"
"Rodríguez, Sean","446481","2016",".344"
"Reynolds, Mark","448602","2016",".361"
"Davis, Chris","448801","2016",".279"
"Orlando, Paulo","449181","2016",".380"
"Zobrist, Ben","450314","2016",".290"
"Fowler, Dexter","451594","2016",".350"
"Flowers, Tyler","452095","2016",".366"
"Headley, Chase","452104","2016",".306"
"Smith, Seth","452234","2016",".282"
"Lind, Adam","452252","2016",".259"
"Pence, Hunter","452254","2016",".348"
"Span, Denard","452655","2016",".291"
"Cabrera, Asdrúbal","452678","2016",".310"
"Ellsbury, Jacoby","453056","2016",".295"
"Tulowitzki, Troy","453064","2016",".272"
"Blackmon, Charlie","453568","2016",".350"
"Frazier, Todd","453943","2016",".236"
"Iannetta, Chris","455104","2016",".266"
"Markakis, Nick","455976","2016",".300"
"Pedroia, Dustin","456030","2016",".339"
"Castillo, Welington","456078","2016",".337"
"Bourn, Michael","456422","2016",".336"
"Núñez, Eduardo","456488","2016",".314"
"Pearce, Steve","456665","2016",".318"
"Cain, Lorenzo","456715","2016",".341"
"McCutchen, Andrew","457705","2016",".297"
"Upton, Justin","457708","2016",".301"
"Maybin, Cameron","457727","2016",".383"
"Turner, Justin","457759","2016",".293"
"Posey III, Buster","457763","2016",".303"
"Espinosa, Danny","457787","2016",".261"
"Bruce, Jay","457803","2016",".266"
"Votto, Joey","458015","2016",".366"
"Coghlan, Chris","458085","2016",".235"
"Rasmus, Colby","458675","2016",".257"
"Gardner, Brett","458731","2016",".310"
"Saunders, Michael","459431","2016",".321"
"Hundley, Nick","460026","2016",".302"
"Braun, Ryan","460075","2016",".326"
"Gordon, Alex","460086","2016",".288"
"Gómez, Carlos","460576","2016",".313"
"Moss, Brandon","461235","2016",".261"
"Kemp, Matt","461314","2016",".297"
"Plouffe, Trevor","461858","2016",".284"
"Andrus, Elvis","462101","2016",".333"
"Cervelli, Francisco","465041","2016",".329"
"Cabrera, Melky","466320","2016",".314"
"Ramos, Wilson","467092","2016",".327"
"Santana, Carlos","467793","2016",".258"
"Parra, Gerardo","467827","2016",".297"
"González, Carlos","471865","2016",".346"
"Valbuena, Luis","472528","2016",".315"
"Mercer, Jordy","474568","2016",".286"
"Belt, Brandon","474832","2016",".346"
"Carter, Chris","474892","2016",".260"
"Alonso, Yonder","475174","2016",".284"
"Smoak, Justin","475253","2016",".295"
"Zimmerman, Ryan","475582","2016",".248"
"Lowrie, Jed","476704","2016",".316"
"Álvarez, Pedro","476883","2016",".282"
"Carrera, Ezequiel","485567","2016",".311"
"Bourjos, Peter","488721","2016",".323"
"Castro, Jason","488771","2016",".297"
"Escobar, Yunel","488862","2016",".339"
"Morrison, Logan","489149","2016",".278"
"Aoki, Norichika","493114","2016",".309"
"Lee, Dae-Ho","493193","2016",".294"
"Cespedes, Yoenis","493316","2016",".298"
"Ramirez, Alexei","493351","2016",".265"
"Solarte, Yangervis","500208","2016",".306"
"Escobar, Eduardo","500871","2016",".280"
"Freese, David","501896","2016",".372"
"Davis, Khris","501981","2016",".270"
"Chisenhall, Lonnie","502082","2016",".328"
"Martinez, J.D.","502110","2016",".378"
"Valencia, Danny","502143","2016",".346"
"Reddick, Josh","502210","2016",".306"
"Dyson, Jarrod","502481","2016",".315"
"Murphy, Daniel","502517","2016",".348"
"Goldschmidt, Paul","502671","2016",".358"
"Gonzalez, Marwin","503556","2016",".311"
"Altuve, Jose","514888","2016",".347"
"Hernández, César","514917","2016",".363"
"Segura, Jean","516416","2016",".353"
"Castro, Starlin","516770","2016",".305"
"Marte, Starling","516782","2016",".380"
"Dietrich, Derek","518618","2016",".343"
"Donaldson, Josh","518626","2016",".300"
"Freeman, Freddie","518692","2016",".370"
"Grandal, Yasmani","518735","2016",".250"
"Heyward, Jason","518792","2016",".266"
"LeMahieu, DJ","518934","2016",".388"
"Lucroy, Jonathan","518960","2016",".322"
"Moreland, Mitch","519048","2016",".266"
"Norris, Derek","519083","2016",".238"
"Revere, Ben","519184","2016",".234"
"Rizzo, Anthony","519203","2016",".309"
"Rupp, Cameron","519237","2016",".315"
"Smolinski, Jake","519295","2016",".257"
"Souza Jr., Steven","519306","2016",".348"
"Stanton, Giancarlo","519317","2016",".290"
"Vogt, Stephen","519390","2016",".275"
"Galvis, Freddy","520471","2016",".280"
"Perez, Salvador","521692","2016",".280"
"Forsythe, Logan","523253","2016",".314"
"Flores, Wilmer","527038","2016",".268"
"García, Avisaíl","541645","2016",".309"
"Pérez, Hernán","541650","2016",".322"
"Inciarte, Ender","542255","2016",".329"
"Ozuna, Marcell","542303","2016",".296"
"Villar, Jonathan","542340","2016",".372"
"Burns, Billy","542993","2016",".264"
"Crawford, Brandon","543063","2016",".322"
"Cron, C.J.","543068","2016",".302"
"Giavotella, Johnny","543213","2016",".276"
"Grossman, Robbie","543257","2016",".364"
"Harrison, Josh","543281","2016",".323"
"Hicks, Aaron","543305","2016",".248"
"Hosmer, Eric","543333","2016",".301"
"Kipnis, Jason","543401","2016",".324"
"Lawrie, Brett","543434","2016",".325"
"McCann, James","543510","2016",".283"
"Miller, Brad","543543","2016",".277"
"Nieuwenhuis, Kirk","543590","2016",".302"
"Rendon, Anthony","543685","2016",".304"
"Semien, Marcus","543760","2016",".268"
"Shaw, Travis","543768","2016",".299"
"Springer III, George","543807","2016",".317"
"Strange-Gordon, Dee","543829","2016",".317"
"Wong, Kolten","543939","2016",".268"
"Gregorius, Didi","544369","2016",".290"
"Grichuk, Randal","545341","2016",".294"
"Marisnick, Jake","545350","2016",".275"
"Trout, Mike","545361","2016",".371"
"Herrera, Odúbel","546318","2016",".349"
"Harper, Bryce","547180","2016",".264"
"Kim, Hyun Soo","547957","2016",".345"
"Martin, Leonys","547982","2016",".313"
"Abreu, José","547989","2016",".327"
"Suárez, Eugenio","553993","2016",".304"
"Polanco, Gregory","570256","2016",".291"
"Schoop, Jonathan","570731","2016",".305"
"Adams, Matt","571431","2016",".286"
"Arenado, Nolan","571448","2016",".293"
"Barnhart, Tucker","571466","2016",".299"
"Bour, Justin","571506","2016",".278"
"Gennett, Scooter","571697","2016",".315"
"Hamilton, Billy","571740","2016",".329"
"Holt, Brock","571788","2016",".294"
"Joseph, Tommy","571830","2016",".267"
"Lamb, Jake","571875","2016",".294"
"Myers, Wil","571976","2016",".305"
"Naquin, Tyler","571980","2016",".411"
"Owings, Chris","572008","2016",".334"
"Piscotty, Stephen","572039","2016",".319"
"Schimpf, Ryan","572114","2016",".260"
"Seager, Kyle","572122","2016",".295"
"Carpenter, Matt","572761","2016",".307"
"Dickerson, Corey","572816","2016",".285"
"Dozier, Brian","572821","2016",".280"
"Saladino, Tyler","573135","2016",".329"
"Gyorko, Jedd","576397","2016",".244"
"Iglesias, Jose","578428","2016",".276"
"Travis, Devon","581527","2016",".358"
"Hechavarría, Adeiny","588751","2016",".269"
"Bryant, Kris","592178","2016",".332"
"Castellanos, Nick","592206","2016",".345"
"Drury, Brandon","592273","2016",".327"
"Machado, Manny","592518","2016",".309"
"Pederson, Joc","592626","2016",".296"
"Realmuto, J.T.","592663","2016",".357"
"Rosario, Eddie","592696","2016",".338"
"Simmons, Andrelton","592743","2016",".298"
"Yelich, Christian","592885","2016",".356"
"Merrifield, Whit","593160","2016",".361"
"Bogaerts, Xander","593428","2016",".335"
"Sanó, Miguel","593934","2016",".329"
"Calhoun, Kole","594777","2016",".309"
"Duvall, Adam","594807","2016",".275"
"Eaton, Adam","594809","2016",".329"
"Gattis, Evan","594828","2016",".273"
"Kiermaier, Kevin","595281","2016",".278"
"Profar, Jurickson","595777","2016",".291"
"Báez, Javier","595879","2016",".336"
"Lindor, Francisco","596019","2016",".324"
"Odor, Rougned","596059","2016",".297"
"Story, Trevor","596115","2016",".343"
"Cuthbert, Cheslor","596144","2016",".320"
"Kepler, Max","596146","2016",".261"
"Franco, Maikel","596748","2016",".271"
"Bradley Jr., Jackie","598265","2016",".312"
"Ahmed, Nick","605113","2016",".258"
"Betts, Mookie","605141","2016",".322"
"Panik, Joe","605412","2016",".245"
"Marte, Ketel","606466","2016",".313"
"Peterson, Jace","607054","2016",".296"
"Turner, Trea","607208","2016",".388"
"Pillar, Kevin","607680","2016",".306"
"Ramírez, José","608070","2016",".333"
"Russell, Addison","608365","2016",".277"
"Seager, Corey","608369","2016",".355"
"Mazara, Nomar","608577","2016",".299"
"Jankowski, Travis","608671","2016",".343"
"García, Adonis","611177","2016",".308"
"Correa, Carlos","621043","2016",".328"
"Buxton, Byron","621439","2016",".329"
"Duffy, Matt","622110","2016",".290"
"Conforto, Michael","624424","2016",".267"
"Puig, Yasiel","624577","2016",".306"
"Kang, Jung Ho","628356","2016",".273"
"Tomás, Yasmany","630111","2016",".310"
"Anderson, Tim","641313","2016",".375"
"Díaz, Aledmys","649557","2016",".312"
"Beltré, Adrian","134181","2017",".321"
"Beltrán, Carlos","136860","2017",".263"
"Martinez, Victor","400121","2017",".280"
"Utley, Chase","400284","2017",".264"
"Pujols, Albert","405395","2017",".249"
"Holliday, Matt","407812","2017",".273"
"Mauer, Joe","408045","2017",".349"
"Cabrera, Miguel","408234","2017",".292"
"Phillips, Brandon","408252","2017",".308"
"Reyes, José","408314","2017",".263"
"Choo, Shin-Soo","425783","2017",".305"
"Molina, Yadier","425877","2017",".285"
"Canó, Robinson","429664","2017",".294"
"Encarnación, Edwin","429665","2017",".271"
"Bautista, José","430832","2017",".239"
"Jones, Adam","430945","2017",".312"
"Aybar, Erick","430947","2017",".262"
"Martin, Russell","431145","2017",".261"
"Granderson, Curtis","434158","2017",".228"
"Davis, Rajai","434658","2017",".297"
"Ramirez, Hanley","434670","2017",".272"
"Morales, Kendrys","434778","2017",".278"
"Kendrick III, Howie","435062","2017",".378"
"Napoli, Mike","435063","2017",".225"
"Kinsler, Ian","435079","2017",".244"
"McCann, Brian","435263","2017",".237"
"Walker, Neil","435522","2017",".297"
"Suzuki, Kurt","435559","2017",".268"
"Desmond, Ian","435622","2017",".345"
"Cruz Jr., Nelson","443558","2017",".315"
"Jaso, John","444379","2017",".243"
"Trumbo, Mark","444432","2017",".278"
"Peralta, David","444482","2017",".333"
"Piña, Manny","444489","2017",".339"
"Escobar, Alcides","444876","2017",".291"
"Jay, Jon","445055","2017",".368"
"Duda, Lucas","446263","2017",".238"
"Wieters, Matt","446308","2017",".264"
"Longoria, Evan","446334","2017",".282"
"Cozart, Zack","446359","2017",".312"
"Barney, Darwin","446381","2017",".270"
"Reynolds, Mark","448602","2017",".343"
"Davis, Chris","448801","2017",".301"
"Zobrist, Ben","450314","2017",".251"
"Fowler, Dexter","451594","2017",".305"
"Flowers, Tyler","452095","2017",".342"
"Headley, Chase","452104","2017",".341"
"Smith, Seth","452234","2017",".301"
"Lind, Adam","452252","2017",".316"
"Pence, Hunter","452254","2017",".301"
"Span, Denard","452655","2017",".295"
"Cabrera, Asdrúbal","452678","2017",".310"
"Ellsbury, Jacoby","453056","2017",".304"
"Blackmon, Charlie","453568","2017",".371"
"Frazier, Todd","453943","2017",".226"
"Iannetta, Chris","455104","2017",".308"
"Maldonado, Martín","455117","2017",".273"
"Chirinos, Robinson","455139","2017",".298"
"Markakis, Nick","455976","2017",".324"
"Pedroia, Dustin","456030","2017",".315"
"Castillo, Welington","456078","2017",".336"
"Núñez, Eduardo","456488","2017",".333"
"Pearce, Steve","456665","2017",".281"
"Cain, Lorenzo","456715","2017",".340"
"McCutchen, Andrew","457705","2017",".305"
"Jackson, Austin","457706","2017",".385"
"Upton, Justin","457708","2017",".341"
"Maybin, Cameron","457727","2017",".274"
"Turner, Justin","457759","2017",".326"
"Posey III, Buster","457763","2017",".347"
"Bruce, Jay","457803","2017",".274"
"Votto, Joey","458015","2017",".321"
"Gardner, Brett","458731","2017",".300"
"Joyce, Matt","459964","2017",".263"
"Hundley, Nick","460026","2017",".307"
"Braun, Ryan","460075","2017",".292"
"Gordon, Alex","460086","2017",".261"
"Gómez, Carlos","460576","2017",".336"
"Moss, Brandon","461235","2017",".248"
"Kemp, Matt","461314","2017",".318"
"Plouffe, Trevor","461858","2017",".251"
"Romine, Andrew","461865","2017",".281"
"Andrus, Elvis","462101","2017",".325"
"Cervelli, Francisco","465041","2017",".311"
"Cabrera, Melky","466320","2017",".299"
"Santana, Carlos","467793","2017",".274"
"Parra, Gerardo","467827","2017",".343"
"González, Carlos","471865","2017",".318"
"Valbuena, Luis","472528","2017",".210"
"Mercer, Jordy","474568","2017",".284"
"Belt, Brandon","474832","2017",".284"
"Alonso, Yonder","475174","2017",".302"
"Smoak, Justin","475253","2017",".285"
"Zimmerman, Ryan","475582","2017",".335"
"Lowrie, Jed","476704","2017",".314"
"Carrera, Ezequiel","485567","2017",".358"
"Avila, Alex","488671","2017",".382"
"Brantley Jr., Michael","488726","2017",".325"
"Castro, Jason","488771","2017",".318"
"Escobar, Yunel","488862","2017",".305"
"Morrison, Logan","489149","2017",".268"
"Rosales, Adam","489267","2017",".312"
"Hernández, Gorkys","491676","2017",".331"
"Aoki, Norichika","493114","2017",".301"
"Cespedes, Yoenis","493316","2017",".316"
"Gurriel Jr., Yuli","493329","2017",".308"
"Solarte, Yangervis","500208","2017",".258"
"Rojas, Miguel","500743","2017",".324"
"Escobar, Eduardo","500871","2017",".279"
"Martínez, José A.","500874","2017",".350"
"Freese, David","501896","2017",".336"
"Davis, Khris","501981","2017",".290"
"Pham, Tommy","502054","2017",".368"
"Martinez, J.D.","502110","2017",".327"
"Valencia, Danny","502143","2017",".312"
"Reddick, Josh","502210","2017",".339"
"Dyson, Jarrod","502481","2017",".285"
"Murphy, Daniel","502517","2017",".341"
"Goldschmidt, Paul","502671","2017",".343"
"Gonzalez, Marwin","503556","2017",".343"
"León, Sandy","506702","2017",".280"
"Altuve, Jose","514888","2017",".370"
"Hernández, César","514917","2017",".353"
"Segura, Jean","516416","2017",".339"
"Castro, Starlin","516770","2017",".347"
"Marte, Starling","516782","2017",".324"
"Pirela, José","517369","2017",".343"
"d'Arnaud, Travis","518595","2017",".250"
"Descalso, Daniel","518614","2017",".283"
"Dietrich, Derek","518618","2017",".294"
"Donaldson, Josh","518626","2017",".289"
"Freeman, Freddie","518692","2017",".335"
"Grandal, Yasmani","518735","2017",".298"
"Heyward, Jason","518792","2017",".284"
"LeMahieu, DJ","518934","2017",".351"
"Lucroy, Jonathan","518960","2017",".286"
"Moreland, Mitch","519048","2017",".278"
"Moustakas, Mike","519058","2017",".263"
"Revere, Ben","519184","2017",".296"
"Rizzo, Anthony","519203","2017",".273"
"Rupp, Cameron","519237","2017",".298"
"Souza Jr., Steven","519306","2017",".302"
"Stanton, Giancarlo","519317","2017",".288"
"Thames, Eric","519346","2017",".309"
"Vogt, Stephen","519390","2017",".249"
"Galvis, Freddy","520471","2017",".292"
"Perez, Salvador","521692","2017",".280"
"Forsythe, Logan","523253","2017",".299"
"Flores, Wilmer","527038","2017",".270"
"García, Avisaíl","541645","2017",".392"
"Pérez, Hernán","541650","2017",".286"
"Inciarte, Ender","542255","2017",".339"
"Ozuna, Marcell","542303","2017",".355"
"Villar, Jonathan","542340","2017",".330"
"Aguilar, Jesús","542583","2017",".337"
"Beckham, Tim","542921","2017",".365"
"Broxton, Keon","542979","2017",".323"
"Crawford, Brandon","543063","2017",".292"
"Cron, C.J.","543068","2017",".296"
"Gomes, Yan","543228","2017",".283"
"Grossman, Robbie","543257","2017",".287"
"Harrison, Josh","543281","2017",".303"
"Hicks, Aaron","543305","2017",".290"
"Hosmer, Eric","543333","2017",".351"
"Kipnis, Jason","543401","2017",".256"
"Mahtook, Mikie","543484","2017",".324"
"McCann, James","543510","2017",".300"
"Miller, Brad","543543","2017",".265"
"Rendon, Anthony","543685","2017",".314"
"Semien, Marcus","543760","2017",".300"
"Shaw, Travis","543768","2017",".312"
"Springer III, George","543807","2017",".297"
"Strange-Gordon, Dee","543829","2017",".354"
"Vázquez, Christian","543877","2017",".348"
"Wong, Kolten","543939","2017",".331"
"Gregorius, Didi","544369","2017",".287"
"Garcia, Leury","544725","2017",".321"
"Grichuk, Randal","545341","2017",".293"
"Trout, Mike","545361","2017",".318"
"Herrera, Odúbel","546318","2017",".345"
"Almora Jr., Albert","546991","2017",".338"
"Harper, Bryce","547180","2017",".356"
"Abreu, José","547989","2017",".330"
"Suárez, Eugenio","553993","2017",".309"
"Polanco, Gregory","570256","2017",".272"
"Santana, Domingo","570267","2017",".362"
"Sánchez, Yolmer","570560","2017",".321"
"Schoop, Jonathan","570731","2017",".330"
"Adams, Matt","571431","2017",".311"
"Altherr, Aaron","571437","2017",".328"
"Arenado, Nolan","571448","2017",".320"
"Barnhart, Tucker","571466","2017",".312"
"Bour, Justin","571506","2017",".322"
"Davidson, Matt","571602","2017",".285"
"Gennett, Scooter","571697","2017",".339"
"Hamilton, Billy","571740","2017",".313"
"Haniger, Mitch","571745","2017",".338"
"Hernández, Enrique","571771","2017",".254"
"Joseph, Tommy","571830","2017",".280"
"Lamb, Jake","571875","2017",".287"
"Myers, Wil","571976","2017",".297"
"Owings, Chris","572008","2017",".318"
"Piscotty, Stephen","572039","2017",".286"
"Pollock, AJ","572041","2017",".291"
"Seager, Kyle","572122","2017",".262"
"Taylor, Michael A.","572191","2017",".363"
"Zunino, Mike","572287","2017",".355"
"Goins, Ryan","572365","2017",".283"
"Carpenter, Matt","572761","2017",".274"
"Dickerson, Corey","572816","2017",".338"
"Dozier, Brian","572821","2017",".300"
"Contreras, Willson","575929","2017",".319"
"Gyorko, Jedd","576397","2017",".312"
"Iglesias, Jose","578428","2017",".285"
"Hechavarría, Adeiny","588751","2017",".304"
"Torreyes, Ronald","591720","2017",".326"
"Bryant, Kris","592178","2017",".334"
"Castellanos, Nick","592206","2017",".313"
"DeShields, Delino","592261","2017",".358"
"Drury, Brandon","592273","2017",".320"
"Gamel, Ben","592325","2017",".340"
"Healy, Ryon","592387","2017",".319"
"Judge, Aaron","592450","2017",".357"
"Machado, Manny","592518","2017",".265"
"Pederson, Joc","592626","2017",".241"
"Realmuto, J.T.","592663","2017",".318"
"Renfroe, Hunter","592669","2017",".275"
"Rosario, Eddie","592696","2017",".312"
"Simmons, Andrelton","592743","2017",".291"
"Yelich, Christian","592885","2017",".336"
"Merrifield, Whit","593160","2017",".308"
"Bogaerts, Xander","593428","2017",".327"
"Bonifacio, Jorge","593528","2017",".324"
"Polanco, Jorge","593871","2017",".278"
"Sanó, Miguel","593934","2017",".375"
"Difo, Wilmer","594694","2017",".332"
"Calhoun, Kole","594777","2017",".284"
"Duvall, Adam","594807","2017",".290"
"Gattis, Evan","594828","2017",".278"
"Schebler, Scott","594988","2017",".248"
"Kiermaier, Kevin","595281","2017",".337"
"Báez, Javier","595879","2017",".345"
"Hedges, Austin","595978","2017",".260"
"Lindor, Francisco","596019","2017",".275"
"Odor, Rougned","596059","2017",".224"
"Story, Trevor","596115","2017",".332"
"Sánchez, Gary","596142","2017",".304"
"Kepler, Max","596146","2017",".276"
"Franco, Maikel","596748","2017",".234"
"Bradley Jr., Jackie","598265","2017",".294"
"Bell, Josh","605137","2017",".278"
"Betts, Mookie","605141","2017",".268"
"Panik, Joe","605412","2017",".301"
"Spangenberg, Cory","605486","2017",".342"
"Zimmer, Bradley","605548","2017",".328"
"Arcia, Orlando","606115","2017",".317"
"Peraza, José","606299","2017",".293"
"Turner, Trea","607208","2017",".329"
"Pillar, Kevin","607680","2017",".280"
"Ramírez, José","608070","2017",".319"
"Bregman, Alex","608324","2017",".311"
"Gallo, Joey","608336","2017",".250"
"Russell, Addison","608365","2017",".289"
"Seager, Corey","608369","2017",".352"
"Williams, Nick","608384","2017",".375"
"Mazara, Nomar","608577","2017",".293"
"Swanson, Dansby","621020","2017",".292"
"Taylor, Chris","621035","2017",".361"
"Correa, Carlos","621043","2017",".352"
"Buxton, Byron","621439","2017",".339"
"Margot, Manuel","622534","2017",".309"
"Conforto, Michael","624424","2017",".328"
"Frazier, Adam","624428","2017",".306"
"Puig, Yasiel","624577","2017",".274"
"Heredia, Guillermo","628338","2017",".284"
"Pinder, Chad","640461","2017",".292"
"Anderson, Tim","641313","2017",".328"
"Asuaje, Carlos","641319","2017",".346"
"Bellinger, Cody","641355","2017",".299"
"Engel, Adam","641553","2017",".247"
"Mancini III, Trey","641820","2017",".352"
"Benintendi, Andrew","643217","2017",".301"
"Díaz, Aledmys","649557","2017",".282"
"Chapman, Matt","656305","2017",".290"
"Schwarber, Kyle","656941","2017",".244"
"DeJong, Paul","657557","2017",".349"
"Happ, Ian","664023","2017",".316"
"Beltré, Adrian","134181","2018",".312"
"Martinez, Victor","400121","2018",".260"
"Pujols, Albert","405395","2018",".247"
"Mauer, Joe","408045","2018",".330"
"Choo, Shin-Soo","425783","2018",".330"
"Molina, Yadier","425877","2018",".264"
"Canó, Robinson","429664","2018",".329"
"Encarnación, Edwin","429665","2018",".265"
"Bautista, José","430832","2018",".262"
"Jones, Adam","430945","2018",".311"
"Martin, Russell","431145","2018",".234"
"Granderson, Curtis","434158","2018",".311"
"Morales, Kendrys","434778","2018",".272"
"Kinsler, Ian","435079","2018",".250"
"Walker, Neil","435522","2018",".257"
"Suzuki, Kurt","435559","2018",".275"
"Desmond, Ian","435622","2018",".279"
"Cruz Jr., Nelson","443558","2018",".264"
"Trumbo, Mark","444432","2018",".303"
"Peralta, David","444482","2018",".328"
"Piña, Manny","444489","2018",".285"
"Escobar, Alcides","444876","2018",".263"
"Jay, Jon","445055","2018",".319"
"Duda, Lucas","446263","2018",".302"
"Longoria, Evan","446334","2018",".274"
"Davis, Chris","448801","2018",".237"
"Zobrist, Ben","450314","2018",".331"
"Fowler, Dexter","451594","2018",".210"
"Span, Denard","452655","2018",".291"
"Cabrera, Asdrúbal","452678","2018",".296"
"Blackmon, Charlie","453568","2018",".329"
"Frazier, Todd","453943","2018",".241"
"Iannetta, Chris","455104","2018",".275"
"Maldonado, Martín","455117","2018",".280"
"Chirinos, Robinson","455139","2018",".304"
"Markakis, Nick","455976","2018",".318"
"Núñez, Eduardo","456488","2018",".290"
"Cain, Lorenzo","456715","2018",".357"
"McCutchen, Andrew","457705","2018",".304"
"Jackson, Austin","457706","2018",".387"
"Upton, Justin","457708","2018",".321"
"Maybin, Cameron","457727","2018",".306"
"Turner, Justin","457759","2018",".334"
"Posey III, Buster","457763","2018",".316"
"Bruce, Jay","457803","2018",".263"
"Votto, Joey","458015","2018",".333"
"Gardner, Brett","458731","2018",".272"
"Hundley, Nick","460026","2018",".310"
"Braun, Ryan","460075","2018",".274"
"Gordon, Alex","460086","2018",".299"
"Gómez, Carlos","460576","2018",".266"
"Kemp, Matt","461314","2018",".339"
"Andrus, Elvis","462101","2018",".292"
"Cervelli, Francisco","465041","2018",".308"
"Ramos, Wilson","467092","2018",".353"
"Santana, Carlos","467793","2018",".231"
"Parra, Gerardo","467827","2018",".334"
"González, Carlos","471865","2018",".332"
"Mercer, Jordy","474568","2018",".306"
"Belt, Brandon","474832","2018",".311"
"Alonso, Yonder","475174","2018",".283"
"Smoak, Justin","475253","2018",".297"
"Zimmerman, Ryan","475582","2018",".284"
"Lowrie, Jed","476704","2018",".304"
"Brantley Jr., Michael","488726","2018",".319"
"Morrison, Logan","489149","2018",".196"
"Hernández, Gorkys","491676","2018",".283"
"Gurriel Jr., Yuli","493329","2018",".306"
"Solarte, Yangervis","500208","2018",".233"
"Rojas, Miguel","500743","2018",".271"
"Escobar, Eduardo","500871","2018",".308"
"Martínez, José A.","500874","2018",".351"
"Adrianza, Ehire","501303","2018",".313"
"Freese, David","501896","2018",".360"
"Davis, Khris","501981","2018",".261"
"Pham, Tommy","502054","2018",".342"
"Martinez, J.D.","502110","2018",".375"
"Reddick, Josh","502210","2018",".258"
"Murphy, Daniel","502517","2018",".308"
"Goldschmidt, Paul","502671","2018",".359"
"Gonzalez, Marwin","503556","2018",".301"
"Altuve, Jose","514888","2018",".352"
"Hernández, César","514917","2018",".315"
"Segura, Jean","516416","2018",".327"
"Castro, Starlin","516770","2018",".330"
"Marte, Starling","516782","2018",".312"
"Pirela, José","517369","2018",".301"
"Culberson, Charlie","518586","2018",".340"
"Descalso, Daniel","518614","2018",".300"
"Dietrich, Derek","518618","2018",".336"
"Freeman, Freddie","518692","2018",".358"
"Grandal, Yasmani","518735","2018",".278"
"Heyward, Jason","518792","2018",".297"
"LeMahieu, DJ","518934","2018",".298"
"Lucroy, Jonathan","518960","2018",".273"
"Moreland, Mitch","519048","2018",".288"
"Moustakas, Mike","519058","2018",".259"
"Rizzo, Anthony","519203","2018",".287"
"Stanton, Giancarlo","519317","2018",".333"
"Galvis, Freddy","520471","2018",".304"
"Perez, Salvador","521692","2018",".245"
"Forsythe, Logan","523253","2018",".293"
"Flores, Wilmer","527038","2018",".269"
"García, Avisaíl","541645","2018",".271"
"Pérez, Hernán","541650","2018",".300"
"Inciarte, Ender","542255","2018",".293"
"Ozuna, Marcell","542303","2018",".309"
"Villar, Jonathan","542340","2018",".339"
"Aguilar, Jesús","542583","2018",".309"
"Beckham, Tim","542921","2018",".282"
"Crawford, Brandon","543063","2018",".302"
"Cron, C.J.","543068","2018",".293"
"Gomes, Yan","543228","2018",".336"
"Grossman, Robbie","543257","2018",".329"
"Harrison, Josh","543281","2018",".286"
"Hicks, Aaron","543305","2018",".264"
"Hicks, John","543308","2018",".337"
"Hosmer, Eric","543333","2018",".302"
"Kipnis, Jason","543401","2018",".258"
"McCann, James","543510","2018",".282"
"Rendon, Anthony","543685","2018",".323"
"Semien, Marcus","543760","2018",".296"
"Shaw, Travis","543768","2018",".242"
"Springer III, George","543807","2018",".303"
"Strange-Gordon, Dee","543829","2018",".304"
"Wong, Kolten","543939","2018",".275"
"Gregorius, Didi","544369","2018",".259"
"Grichuk, Randal","545341","2018",".282"
"Trout, Mike","545361","2018",".346"
"Herrera, Odúbel","546318","2018",".290"
"Almora Jr., Albert","546991","2018",".337"
"Delmonico, Nicky","547170","2018",".269"
"Harper, Bryce","547180","2018",".289"
"Martin, Leonys","547982","2018",".302"
"Abreu, José","547989","2018",".294"
"Narváez, Omar","553882","2018",".330"
"Suárez, Eugenio","553993","2018",".322"
"Polanco, Gregory","570256","2018",".287"
"Sánchez, Yolmer","570560","2018",".300"
"Schoop, Jonathan","570731","2018",".261"
"Villanueva, Christian","570799","2018",".276"
"Adams, Matt","571431","2018",".245"
"Arenado, Nolan","571448","2018",".314"
"Barnhart, Tucker","571466","2018",".291"
"Bour, Justin","571506","2018",".270"
"Davidson, Matt","571602","2018",".313"
"Gennett, Scooter","571697","2018",".358"
"Hamilton, Billy","571740","2018",".309"
"Haniger, Mitch","571745","2018",".336"
"Hernández, Enrique","571771","2018",".266"
"Holt, Brock","571788","2018",".337"
"Muncy, Max","571970","2018",".299"
"Myers, Wil","571976","2018",".327"
"Owings, Chris","572008","2018",".265"
"Piscotty, Stephen","572039","2018",".290"
"Pollock, AJ","572041","2018",".284"
"Seager, Kyle","572122","2018",".251"
"Taylor, Michael A.","572191","2018",".320"
"Zunino, Mike","572287","2018",".268"
"Carpenter, Matt","572761","2018",".291"
"Dickerson, Corey","572816","2018",".333"
"Dozier, Brian","572821","2018",".240"
"Contreras, Willson","575929","2018",".313"
"Gyorko, Jedd","576397","2018",".303"
"Iglesias, Jose","578428","2018",".291"
"Travis, Devon","581527","2018",".255"
"Hechavarría, Adeiny","588751","2018",".280"
"Bryant, Kris","592178","2018",".342"
"Canha, Mark","592192","2018",".282"
"Castellanos, Nick","592206","2018",".361"
"DeShields, Delino","592261","2018",".280"
"Goodrum, Niko","592348","2018",".312"
"Healy, Ryon","592387","2018",".257"
"Jones, JaCoby","592444","2018",".281"
"Judge, Aaron","592450","2018",".368"
"Machado, Manny","592518","2018",".304"
"Moran, Colin","592567","2018",".316"
"Pederson, Joc","592626","2018",".253"
"Realmuto, J.T.","592663","2018",".312"
"Renfroe, Hunter","592669","2018",".271"
"Rosario, Eddie","592696","2018",".316"
"Simmons, Andrelton","592743","2018",".300"
"Yelich, Christian","592885","2018",".373"
"Merrifield, Whit","593160","2018",".352"
"Bogaerts, Xander","593428","2018",".317"
"Hanson, Alen","593700","2018",".303"
"Polanco, Jorge","593871","2018",".345"
"Herrera, Rosell","594011","2018",".288"
"Difo, Wilmer","594694","2018",".269"
"Calhoun, Kole","594777","2018",".241"
"Duvall, Adam","594807","2018",".237"
"Eaton, Adam","594809","2018",".364"
"Gattis, Evan","594828","2018",".232"
"Palka, Daniel","594953","2018",".308"
"Schebler, Scott","594988","2018",".301"
"Kiermaier, Kevin","595281","2018",".275"
"Riddle, JT","595375","2018",".266"
"Alfaro, Jorge","595751","2018",".406"
"Profar, Jurickson","595777","2018",".269"
"Báez, Javier","595879","2018",".347"
"Bird, Greg","595885","2018",".230"
"Cave, Jake","595909","2018",".363"
"Hedges, Austin","595978","2018",".280"
"Lindor, Francisco","596019","2018",".279"
"Odor, Rougned","596059","2018",".305"
"Story, Trevor","596115","2018",".345"
"Sánchez, Gary","596142","2018",".197"
"Kepler, Max","596146","2018",".236"
"Franco, Maikel","596748","2018",".270"
"Bradley Jr., Jackie","598265","2018",".299"
"Candelario, Jeimer","600869","2018",".279"
"Ahmed, Nick","605113","2018",".265"
"Anderson, Brian","605119","2018",".332"
"Bell, Josh","605137","2018",".305"
"Betts, Mookie","605141","2018",".368"
"Panik, Joe","605412","2018",".265"
"Smith, Mallex","605480","2018",".366"
"Spangenberg, Cory","605486","2018",".344"
"Arcia, Orlando","606115","2018",".305"
"Hernández, Teoscar","606192","2018",".313"
"Peraza, José","606299","2018",".307"
"Marte, Ketel","606466","2018",".282"
"Nimmo, Brandon","607043","2018",".351"
"Turner, Trea","607208","2018",".314"
"Pillar, Kevin","607680","2018",".281"
"Ramírez, José","608070","2018",".252"
"Bregman, Alex","608324","2018",".289"
"Gallo, Joey","608336","2018",".249"
"Russell, Addison","608365","2018",".314"
"Williams, Nick","608384","2018",".312"
"Winker, Jesse","608385","2018",".336"
"Mazara, Nomar","608577","2018",".298"
"Guzmán, Ronald","608597","2018",".299"
"Jankowski, Travis","608671","2018",".319"
"Andujar, Miguel","609280","2018",".316"
"Robertson, Daniel","621002","2018",".328"
"Swanson, Dansby","621020","2018",".290"
"Taylor, Chris","621035","2018",".345"
"Correa, Carlos","621043","2018",".282"
"Brinson, Lewis","621446","2018",".257"
"Wendle, Joey","621563","2018",".353"
"Olson, Matt","621566","2018",".292"
"Duffy, Matt","622110","2018",".353"
"Muñoz, Yairo","622168","2018",".338"
"Margot, Manuel","622534","2018",".281"
"Camargo, Johan","622666","2018",".315"
"Conforto, Michael","624424","2018",".289"
"Frazier, Adam","624428","2018",".305"
"Puig, Yasiel","624577","2018",".286"
"Heredia, Guillermo","628338","2018",".270"
"Pinder, Chad","640461","2018",".325"
"Anderson, Tim","641313","2018",".289"
"Bauers, Jake","641343","2018",".252"
"Bellinger, Cody","641355","2018",".313"
"Dozier, Hunter","641531","2018",".296"
"Engel, Adam","641553","2018",".322"
"Garver, Mitch","641598","2018",".330"
"Mancini III, Trey","641820","2018",".285"
"Rosario, Amed","642708","2018",".310"
"Adames, Willy","642715","2018",".378"
"Benintendi, Andrew","643217","2018",".328"
"Kiner-Falefa, Isiah","643396","2018",".306"
"Albies, Ozzie","645277","2018",".285"
"Devers, Rafael","646240","2018",".281"
"Díaz, Aledmys","649557","2018",".269"
"Torres, Gleyber","650402","2018",".321"
"Chapman, Matt","656305","2018",".338"
"Hoskins, Rhys","656555","2018",".272"
"Schwarber, Kyle","656941","2018",".288"
"DeJong, Paul","657557","2018",".288"
"Moncada, Yoán","660162","2018",".344"
"Ohtani, Shohei","660271","2018",".350"
"Acuña Jr., Ronald","660670","2018",".352"
"Happ, Ian","664023","2018",".362"
"Bader, Harrison","664056","2018",".358"
"Fletcher, David","664058","2018",".307"
"Kingery, Scott","664068","2018",".291"
"Soto, Juan","665742","2018",".338"
"Pujols, Albert","405395","2019",".238"
"Cabrera, Miguel","408234","2019",".336"
"Choo, Shin-Soo","425783","2019",".333"
"Molina, Yadier","425877","2019",".289"
"Canó, Robinson","429664","2019",".280"
"Encarnación, Edwin","429665","2019",".239"
"Jones, Adam","430945","2019",".296"
"Granderson, Curtis","434158","2019",".220"
"Kendrick III, Howie","435062","2019",".359"
"McCann, Brian","435263","2019",".261"
"Walker, Neil","435522","2019",".316"
"Suzuki, Kurt","435559","2019",".248"
"Desmond, Ian","435622","2019",".304"
"Cruz Jr., Nelson","443558","2019",".351"
"Peralta, David","444482","2019",".327"
"Longoria, Evan","446334","2019",".291"
"Davis, Chris","448801","2019",".270"
"Fowler, Dexter","451594","2019",".294"
"Flowers, Tyler","452095","2019",".325"
"Pence, Hunter","452254","2019",".333"
"Cabrera, Asdrúbal","452678","2019",".294"
"Blackmon, Charlie","453568","2019",".334"
"Frazier, Todd","453943","2019",".284"
"Maldonado, Martín","455117","2019",".250"
"Chirinos, Robinson","455139","2019",".306"
"Markakis, Nick","455976","2019",".310"
"Cain, Lorenzo","456715","2019",".301"
"Turner, Justin","457759","2019",".304"
"Posey III, Buster","457763","2019",".296"
"Bruce, Jay","457803","2019",".200"
"Votto, Joey","458015","2019",".313"
"Gardner, Brett","458731","2019",".265"
"Braun, Ryan","460075","2019",".325"
"Gordon, Alex","460086","2019",".301"
"Andrus, Elvis","462101","2019",".305"
"Cabrera, Melky","466320","2019",".300"
"Ramos, Wilson","467092","2019",".310"
"Santana, Carlos","467793","2019",".293"
"Parra, Gerardo","467827","2019",".264"
"Belt, Brandon","474832","2019",".275"
"Alonso, Yonder","475174","2019",".224"
"Smoak, Justin","475253","2019",".223"
"Brantley Jr., Michael","488726","2019",".320"
"Gurriel Jr., Yuli","493329","2019",".289"
"Rojas, Miguel","500743","2019",".314"
"Escobar, Eduardo","500871","2019",".283"
"Martínez, José A.","500874","2019",".328"
"Davis, Khris","501981","2019",".264"
"Pham, Tommy","502054","2019",".316"
"Martinez, J.D.","502110","2019",".342"
"Reddick, Josh","502210","2019",".288"
"Dyson, Jarrod","502481","2019",".275"
"Murphy, Daniel","502517","2019",".307"
"Goldschmidt, Paul","502671","2019",".302"
"Gonzalez, Marwin","503556","2019",".310"
"Altuve, Jose","514888","2019",".303"
"Hernández, César","514917","2019",".313"
"Segura, Jean","516416","2019",".302"
"Castro, Starlin","516770","2019",".293"
"Marte, Starling","516782","2019",".319"
"d'Arnaud, Travis","518595","2019",".281"
"Dietrich, Derek","518618","2019",".176"
"Donaldson, Josh","518626","2019",".292"
"Freeman, Freddie","518692","2019",".318"
"Grandal, Yasmani","518735","2019",".279"
"Heyward, Jason","518792","2019",".281"
"LeMahieu, DJ","518934","2019",".349"
"Lucroy, Jonathan","518960","2019",".253"
"Moreland, Mitch","519048","2019",".271"
"Moustakas, Mike","519058","2019",".250"
"Rizzo, Anthony","519203","2019",".306"
"Sogard, Eric","519299","2019",".316"
"Thames, Eric","519346","2019",".313"
"Galvis, Freddy","520471","2019",".312"
"Forsythe, Logan","523253","2019",".307"
"García, Avisaíl","541645","2019",".340"
"Ozuna, Marcell","542303","2019",".257"
"Villar, Jonathan","542340","2019",".341"
"Santana, Danny","542454","2019",".353"
"Aguilar, Jesús","542583","2019",".272"
"Beckham, Tim","542921","2019",".305"
"Crawford, Brandon","543063","2019",".274"
"Cron, C.J.","543068","2019",".277"
"Gomes, Yan","543228","2019",".265"
"Grossman, Robbie","543257","2019",".288"
"Hicks, John","543308","2019",".273"
"Hosmer, Eric","543333","2019",".323"
"Kipnis, Jason","543401","2019",".265"
"McCann, James","543510","2019",".359"
"Rendon, Anthony","543685","2019",".323"
"Semien, Marcus","543760","2019",".294"
"Springer III, George","543807","2019",".305"
"Strange-Gordon, Dee","543829","2019",".313"
"Vázquez, Christian","543877","2019",".305"
"Wong, Kolten","543939","2019",".321"
"Gregorius, Didi","544369","2019",".237"
"Garcia, Leury","544725","2019",".353"
"Grichuk, Randal","545341","2019",".266"
"Marisnick, Jake","545350","2019",".310"
"Trout, Mike","545361","2019",".298"
"Almora Jr., Albert","546991","2019",".255"
"Ruiz, Rio","547004","2019",".272"
"Wolters, Tony","547172","2019",".314"
"Harper, Bryce","547180","2019",".313"
"Pérez, Roberto","547379","2019",".285"
"Abreu, José","547989","2019",".320"
"Díaz, Elias","553869","2019",".286"
"Narváez, Omar","553882","2019",".306"
"Suárez, Eugenio","553993","2019",".312"
"Santana, Domingo","570267","2019",".347"
"Urshela, Gio","570482","2019",".349"
"Sánchez, Yolmer","570560","2019",".324"
"Schoop, Jonathan","570731","2019",".298"
"Adams, Matt","571431","2019",".284"
"Arenado, Nolan","571448","2019",".312"
"Barnhart, Tucker","571466","2019",".278"
"Goodwin, Brian","571718","2019",".337"
"Hamilton, Billy","571740","2019",".299"
"Hernández, Enrique","571771","2019",".266"
"Muncy, Max","571970","2019",".283"
"Myers, Wil","571976","2019",".344"
"Phegley, Josh","572033","2019",".258"
"Piscotty, Stephen","572039","2019",".289"
"Pollock, AJ","572041","2019",".300"
"Seager, Kyle","572122","2019",".248"
"Voit III, Luke","572228","2019",".345"
"Walker, Christian","572233","2019",".312"
"Carpenter, Matt","572761","2019",".285"
"Dozier, Brian","572821","2019",".271"
"Yastrzemski, Mike","573262","2019",".325"
"Contreras, Willson","575929","2019",".314"
"Iglesias, Jose","578428","2019",".315"
"Bryant, Kris","592178","2019",".331"
"Canha, Mark","592192","2019",".308"
"Castellanos, Nick","592206","2019",".337"
"DeShields, Delino","592261","2019",".333"
"Drury, Brandon","592273","2019",".259"
"Gamel, Ben","592325","2019",".347"
"Goodrum, Niko","592348","2019",".338"
"Jones, JaCoby","592444","2019",".304"
"Judge, Aaron","592450","2019",".360"
"Machado, Manny","592518","2019",".274"
"Moran, Colin","592567","2019",".341"
"Pederson, Joc","592626","2019",".249"
"Realmuto, J.T.","592663","2019",".309"
"Renfroe, Hunter","592669","2019",".239"
"Rosario, Eddie","592696","2019",".273"
"Simmons, Andrelton","592743","2019",".277"
"Wilkerson, Stevie","592859","2019",".300"
"Yelich, Christian","592885","2019",".355"
"Merrifield, Whit","593160","2019",".350"
"Bogaerts, Xander","593428","2019",".338"
"Alberto, Hanser","593643","2019",".318"
"Polanco, Jorge","593871","2019",".328"
"Sanó, Miguel","593934","2019",".319"
"Calhoun, Kole","594777","2019",".265"
"Eaton, Adam","594809","2019",".319"
"Garcia, Greg","594824","2019",".323"
"Kiermaier, Kevin","595281","2019",".267"
"Alfaro, Jorge","595751","2019",".364"
"Profar, Jurickson","595777","2019",".218"
"Báez, Javier","595879","2019",".345"
"Hedges, Austin","595978","2019",".228"
"Lindor, Francisco","596019","2019",".291"
"Odor, Rougned","596059","2019",".244"
"Smith Jr., Dwight","596105","2019",".274"
"Story, Trevor","596115","2019",".361"
"Vogelbach, Daniel","596129","2019",".232"
"Sánchez, Gary","596142","2019",".244"
"Cuthbert, Cheslor","596144","2019",".288"
"Kepler, Max","596146","2019",".244"
"Franco, Maikel","596748","2019",".236"
"Choi, Ji Man","596847","2019",".303"
"Bradley Jr., Jackie","598265","2019",".281"
"La Stella, Tommy","600303","2019",".282"
"Severino, Pedro","600474","2019",".285"
"Núñez, Renato","600524","2019",".272"
"Candelario, Jeimer","600869","2019",".262"
"Ahmed, Nick","605113","2019",".280"
"Anderson, Brian","605119","2019",".305"
"Bell, Josh","605137","2019",".288"
"Betts, Mookie","605141","2019",".309"
"Davis, J.D.","605204","2019",".355"
"Panik, Joe","605412","2019",".262"
"Smith, Mallex","605480","2019",".302"
"Castro, Harold","605612","2019",".367"
"Arcia, Orlando","606115","2019",".253"
"Tapia, Raimel","606132","2019",".341"
"Hernández, Teoscar","606192","2019",".293"
"Peraza, José","606299","2019",".268"
"Marte, Ketel","606466","2019",".342"
"Turner, Trea","607208","2019",".348"
"Pillar, Kevin","607680","2019",".270"
"Ramírez, José","608070","2019",".256"
"Bregman, Alex","608324","2019",".281"
"Kelly, Carson","608348","2019",".271"
"Seager, Corey","608369","2019",".303"
"Winker, Jesse","608385","2019",".286"
"Mazara, Nomar","608577","2019",".312"
"Mondesi, Adalberto","609275","2019",".357"
"Reyes, Franmil","614177","2019",".279"
"Martin Jr., Richie","621006","2019",".272"
"Swanson, Dansby","621020","2019",".300"
"Newman, Kevin","621028","2019",".333"
"Taylor, Chris","621035","2019",".344"
"Correa, Carlos","621043","2019",".303"
"Dahl, David","621311","2019",".386"
"Stewart, Christin","621514","2019",".290"
"Olson, Matt","621566","2019",".300"
"Margot, Manuel","622534","2019",".272"
"Bote, David","623520","2019",".333"
"Ramírez, Harold","623912","2019",".328"
"Santander, Anthony","623993","2019",".285"
"Alonso, Pete","624413","2019",".280"
"Biggio, Cavan","624415","2019",".309"
"Conforto, Michael","624424","2019",".290"
"Frazier, Adam","624428","2019",".306"
"Puig, Yasiel","624577","2019",".308"
"Soler, Jorge","624585","2019",".294"
"Meadows, Austin","640457","2019",".331"
"Mercado, Óscar","640458","2019",".300"
"Pinder, Chad","640461","2019",".284"
"Anderson, Tim","641313","2019",".399"
"Bauers, Jake","641343","2019",".290"
"Bellinger, Cody","641355","2019",".301"
"Calhoun, Willie","641432","2019",".262"
"Crawford, J.P.","641487","2019",".275"
"Dixon, Brandon","641525","2019",".336"
"Dozier, Hunter","641531","2019",".339"
"Garver, Mitch","641598","2019",".277"
"Hampson, Garrett","641658","2019",".322"
"Mancini III, Trey","641820","2019",".326"
"McMahon, Ryan","641857","2019",".323"
"Tellez, Rowdy","642133","2019",".267"
"Rosario, Amed","642708","2019",".338"
"Adames, Willy","642715","2019",".320"
"Benintendi, Andrew","643217","2019",".333"
"Cooper, Garrett","643265","2019",".357"
"Jansen, Danny","643376","2019",".230"
"McNeil, Jeff","643446","2019",".337"
"Albies, Ozzie","645277","2019",".325"
"Robles, Victor","645302","2019",".310"
"Devers, Rafael","646240","2019",".339"
"Arraez, Luis","650333","2019",".355"
"Jiménez, Eloy","650391","2019",".308"
"Torres, Gleyber","650402","2019",".296"
"Díaz, Yandy","650490","2019",".288"
"Rengifo, Luis","650859","2019",".300"
"Chapman, Matt","656305","2019",".270"
"Chavis, Michael","656308","2019",".347"
"Hoskins, Rhys","656555","2019",".267"
"O'Hearn, Ryan","656811","2019",".230"
"Schwarber, Kyle","656941","2019",".276"
"Verdugo, Alex","657077","2019",".309"
"DeJong, Paul","657557","2019",".259"
"Laureano, Ramón","657656","2019",".342"
"Moncada, Yoán","660162","2019",".406"
"Ohtani, Shohei","660271","2019",".354"
"Acuña Jr., Ronald","660670","2019",".337"
"Lowe, Brandon","664040","2019",".377"
"Bader, Harrison","664056","2019",".268"
"Fletcher, David","664058","2019",".317"
"Kingery, Scott","664068","2019",".337"
"Tatis Jr., Fernando","665487","2019",".410"
"Guerrero Jr., Vladimir","665489","2019",".308"
"Soto, Juan","665742","2019",".312"
"Gurriel Jr., Lourdes","666971","2019",".318"
"Reynolds, Bryan","668804","2019",".387"
"Senzel, Nick","669222","2019",".319"
"Edman, Tommy","669242","2019",".346"
"Hiura, Keston","669374","2019",".402"
"Lopez, Nicky","670032","2019",".273"
"Alvarez, Yordan","670541","2019",".366"
"Cabrera, Miguel","408234","2021",".305"
"Molina, Yadier","425877","2021",".283"
"Cruz Jr., Nelson","443558","2021",".286"
"Peralta, David","444482","2021",".303"
"Escobar, Alcides","444876","2021",".337"
"Cabrera, Asdrúbal","452678","2021",".283"
"Blackmon, Charlie","453568","2021",".305"
"Maldonado, Martín","455117","2021",".221"
"Solano, Donovan","456781","2021",".321"
"McCutchen, Andrew","457705","2021",".242"
"Upton, Justin","457708","2021",".254"
"Turner, Justin","457759","2021",".292"
"Posey III, Buster","457763","2021",".349"
"Votto, Joey","458015","2021",".287"
"Gardner, Brett","458731","2021",".269"
"Andrus, Elvis","462101","2021",".283"
"Santana, Carlos","467793","2021",".227"
"Belt, Brandon","474832","2021",".309"
"Lowrie, Jed","476704","2021",".289"
"Brantley Jr., Michael","488726","2021",".337"
"Gurriel Jr., Yuli","493329","2021",".336"
"Rojas, Miguel","500743","2021",".295"
"Escobar, Eduardo","500871","2021",".279"
"Lagares, Juan","501571","2021",".294"
"Pham, Tommy","502054","2021",".280"
"Martinez, J.D.","502110","2021",".340"
"Goldschmidt, Paul","502671","2021",".331"
"Gonzalez, Marwin","503556","2021",".258"
"Altuve, Jose","514888","2021",".280"
"Hernández, César","514917","2021",".266"
"Segura, Jean","516416","2021",".317"
"Castro, Starlin","516770","2021",".339"
"Marte, Starling","516782","2021",".372"
"Donaldson, Josh","518626","2021",".268"
"Freeman, Freddie","518692","2021",".321"
"Grandal, Yasmani","518735","2021",".246"
"Heyward, Jason","518792","2021",".247"
"LeMahieu, DJ","518934","2021",".301"
"Rizzo, Anthony","519203","2021",".258"
"Stanton, Giancarlo","519317","2021",".324"
"Galvis, Freddy","520471","2021",".269"
"Perez, Salvador","521692","2021",".298"
"Flores, Wilmer","527038","2021",".264"
"García, Avisaíl","541645","2021",".291"
"Villar, Jonathan","542340","2021",".313"
"Ortega, Rafael","542364","2021",".349"
"Aguilar, Jesús","542583","2021",".279"
"Crawford, Brandon","543063","2021",".334"
"Cron, C.J.","543068","2021",".316"
"Dickerson, Alex","543105","2021",".273"
"Gomes, Yan","543228","2021",".287"
"Grossman, Robbie","543257","2021",".286"
"Harrison, Josh","543281","2021",".313"
"Hosmer, Eric","543333","2021",".313"
"McCann, James","543510","2021",".304"
"Miller, Brad","543543","2021",".276"
"Semien, Marcus","543760","2021",".276"
"Springer III, George","543807","2021",".286"
"Vázquez, Christian","543877","2021",".301"
"Wong, Kolten","543939","2021",".305"
"Gregorius, Didi","544369","2021",".217"
"Garcia, Leury","544725","2021",".333"
"Grichuk, Randal","545341","2021",".266"
"Stassi, Max","545358","2021",".325"
"Herrera, Odúbel","546318","2021",".285"
"Harper, Bryce","547180","2021",".359"
"Abreu, José","547989","2021",".293"
"Díaz, Elias","553869","2021",".249"
"Narváez, Omar","553882","2021",".308"
"Suárez, Eugenio","553993","2021",".224"
"Polanco, Gregory","570256","2021",".258"
"Urshela, Gio","570482","2021",".329"
"Schoop, Jonathan","570731","2021",".317"
"Arenado, Nolan","571448","2021",".249"
"Barnhart, Tucker","571466","2021",".324"
"Farmer, Kyle","571657","2021",".296"
"Haniger, Mitch","571745","2021",".281"
"Hernández, Enrique","571771","2021",".278"
"Muncy, Max","571970","2021",".257"
"Myers, Wil","571976","2021",".333"
"Naquin, Tyler","571980","2021",".318"
"Pollock, AJ","572041","2021",".326"
"Seager, Kyle","572122","2021",".226"
"Taylor, Michael A.","572191","2021",".319"
"Walker, Christian","572233","2021",".307"
"Zunino, Mike","572287","2021",".231"
"Dickerson, Corey","572816","2021",".323"
"Ruf, Darin","573131","2021",".344"
"Yastrzemski, Mike","573262","2021",".254"
"Contreras, Willson","575929","2021",".298"
"Iglesias, Jose","578428","2021",".305"
"Torreyes, Ronald","591720","2021",".258"
"Bryant, Kris","592178","2021",".313"
"Canha, Mark","592192","2021",".274"
"Castellanos, Nick","592206","2021",".340"
"Gamel, Ben","592325","2021",".329"
"Goodrum, Niko","592348","2021",".301"
"Judge, Aaron","592450","2021",".332"
"Machado, Manny","592518","2021",".290"
"Moran, Colin","592567","2021",".321"
"Pederson, Joc","592626","2021",".281"
"Realmuto, J.T.","592663","2021",".325"
"Renfroe, Hunter","592669","2021",".284"
"Rosario, Eddie","592696","2021",".273"
"Simmons, Andrelton","592743","2021",".256"
"Yelich, Christian","592885","2021",".321"
"Merrifield, Whit","593160","2021",".309"
"Bogaerts, Xander","593428","2021",".333"
"Polanco, Jorge","593871","2021",".282"
"Sanó, Miguel","593934","2021",".291"
"Duvall, Adam","594807","2021",".260"
"Gosselin, Phil","594838","2021",".322"
"Kiermaier, Kevin","595281","2021",".345"
"Alfaro, Jorge","595751","2021",".354"
"Profar, Jurickson","595777","2021",".266"
"Báez, Javier","595879","2021",".352"
"Hedges, Austin","595978","2021",".214"
"Lindor, Francisco","596019","2021",".248"
"Odor, Rougned","596059","2021",".242"
"Slater, Austin","596103","2021",".303"
"Story, Trevor","596115","2021",".293"
"Sánchez, Gary","596142","2021",".230"
"Kepler, Max","596146","2021",".225"
"Franco, Maikel","596748","2021",".225"
"Choi, Ji Man","596847","2021",".300"
"Bradley Jr., Jackie","598265","2021",".226"
"Severino, Pedro","600474","2021",".314"
"Candelario, Jeimer","600869","2021",".333"
"Daza, Yonathan","602074","2021",".346"
"Ahmed, Nick","605113","2021",".279"
"Bell, Josh","605137","2021",".276"
"Betts, Mookie","605141","2021",".276"
"Caratini, Victor","605170","2021",".281"
"Zimmer, Bradley","605548","2021",".347"
"Castro, Harold","605612","2021",".351"
"Tapia, Raimel","606132","2021",".306"
"Hernández, Teoscar","606192","2021",".352"
"Marte, Ketel","606466","2021",".352"
"Haase, Eric","606992","2021",".278"
"Nimmo, Brandon","607043","2021",".366"
"Peterson, Jace","607054","2021",".310"
"Turner, Trea","607208","2021",".362"
"Pillar, Kevin","607680","2021",".261"
"Stallings, Jacob","607732","2021",".297"
"Ramírez, José","608070","2021",".256"
"Bregman, Alex","608324","2021",".286"
"Gallo, Joey","608336","2021",".246"
"Kelly, Carson","608348","2021",".270"
"Seager, Corey","608369","2021",".336"
"Winker, Jesse","608385","2021",".324"
"Murphy, Tom","608596","2021",".265"
"Reyes, Franmil","614177","2021",".314"
"Torrens, Luis","620443","2021",".294"
"Swanson, Dansby","621020","2021",".297"
"Newman, Kevin","621028","2021",".236"
"Taylor, Chris","621035","2021",".337"
"Correa, Carlos","621043","2021",".308"
"Stewart, DJ","621466","2021",".254"
"Wisdom, Patrick","621550","2021",".318"
"Wendle, Joey","621563","2021",".327"
"Olson, Matt","621566","2021",".269"
"Duffy, Matt","622110","2021",".351"
"Margot, Manuel","622534","2021",".281"
"Bote, David","623520","2021",".235"
"Ramírez, Harold","623912","2021",".301"
"Santander, Anthony","623993","2021",".275"
"Alonso, Pete","624413","2021",".274"
"Conforto, Michael","624424","2021",".276"
"Frazier, Adam","624428","2021",".339"
"Trevino, Jose","624431","2021",".279"
"Soler, Jorge","624585","2021",".250"
"Sosa, Edmundo","624641","2021",".326"
"Heredia, Guillermo","628338","2021",".282"
"Cronenworth, Jake","630105","2021",".283"
"Meadows, Austin","640457","2021",".249"
"Anderson, Tim","641313","2021",".372"
"Bauers, Jake","641343","2021",".275"
"Bellinger, Cody","641355","2021",".196"
"Crawford, J.P.","641487","2021",".320"
"Dozier, Hunter","641531","2021",".276"
"Hampson, Garrett","641658","2021",".291"
"Mancini III, Trey","641820","2021",".308"
"McKinney, Billy","641856","2021",".235"
"McMahon, Ryan","641857","2021",".306"
"O'Neill, Tyler","641933","2021",".366"
"Smith, Dominic","642086","2021",".298"
"Tellez, Rowdy","642133","2021",".275"
"VanMeter, Josh","642165","2021",".278"
"Rosario, Amed","642708","2021",".340"
"Adames, Willy","642715","2021",".331"
"Benintendi, Andrew","643217","2021",".309"
"Kemp, Tony","643393","2021",".304"
"Kiner-Falefa, Isiah","643396","2021",".304"
"McNeil, Jeff","643446","2021",".280"
"Albies, Ozzie","645277","2021",".278"
"Robles, Victor","645302","2021",".271"
"Devers, Rafael","646240","2021",".307"
"Toro, Abraham","647351","2021",".254"
"Díaz, Aledmys","649557","2021",".304"
"Urías, Luis","649966","2021",".280"
"Arraez, Luis","650333","2021",".323"
"Torres, Gleyber","650402","2021",".314"
"Castro, Willi","650489","2021",".275"
"Díaz, Yandy","650490","2021",".286"
"Chapman, Matt","656305","2021",".272"
"Hoskins, Rhys","656555","2021",".270"
"Mullins II, Cedric","656775","2021",".322"
"Schwarber, Kyle","656941","2021",".306"
"Smith, Pavin","656976","2021",".319"
"Verdugo, Alex","657077","2021",".327"
"DeJong, Paul","657557","2021",".216"
"Laureano, Ramón","657656","2021",".304"
"Moncada, Yoán","660162","2021",".350"
"Ohtani, Shohei","660271","2021",".303"
"Acuña Jr., Ronald","660670","2021",".311"
"Varsho, Daulton","662139","2021",".286"
"Riley, Austin","663586","2021",".368"
"Larnach, Trevor","663616","2021",".338"
"Mountcastle, Ryan","663624","2021",".297"
"Hayes, Ke'Bryan","663647","2021",".321"
"Tucker, Kyle","663656","2021",".304"
"India, Jonathan","663697","2021",".326"
"Grisham, Trent","663757","2021",".292"
"Stephenson, Tyler","663886","2021",".333"
"Rodgers, Brendan","663898","2021",".328"
"Lowe, Nathaniel","663993","2021",".339"
"Happ, Ian","664023","2021",".281"
"France, Ty","664034","2021",".327"
"Lowe, Brandon","664040","2021",".280"
"Bader, Harrison","664056","2021",".306"
"Fletcher, David","664058","2021",".287"
"Moore, Dylan","664238","2021",".229"
"Straw, Myles","664702","2021",".336"
"Bohm, Alec","664761","2021",".327"
"Wade Jr., LaMonte","664774","2021",".289"
"Brown, Seth","664913","2021",".230"
"Walsh, Jared","665120","2021",".335"
"Tatis Jr., Fernando","665487","2021",".324"
"Guerrero Jr., Vladimir","665489","2021",".313"
"Soto, Juan","665742","2021",".332"
"Chisholm Jr., Jazz","665862","2021",".319"
"Lux, Gavin","666158","2021",".300"
"Bichette, Bo","666182","2021",".339"
"Carlson, Dylan","666185","2021",".332"
"Dalbec, Bobby","666915","2021",".316"
"García, Adolis","666969","2021",".306"
"Gurriel Jr., Lourdes","666971","2021",".305"
"Arozarena, Randy","668227","2021",".363"
"Baddoo, Akil","668731","2021",".335"
"Reynolds, Bryan","668804","2021",".345"
"Rojas, Josh","668942","2021",".345"
"Murphy, Sean","669221","2021",".257"
"Edman, Tommy","669242","2021",".291"
"Solak, Nick","669256","2021",".292"
"Smith, Will","669257","2021",".274"
"Hays, Austin","669720","2021",".286"
"Lopez, Nicky","670032","2021",".347"
"Alvarez, Yordan","670541","2021",".320"
"Kelenic, Jarred","672284","2021",".216"
"McCormick, Chas","676801","2021",".341"
"Franco, Wander","677551","2021",".311"
"Vaughn, Andrew","683734","2021",".271"
"Pujols, Albert","405395","2022",".252"
"Cabrera, Miguel","408234","2022",".324"
"Cruz Jr., Nelson","443558","2022",".295"
"Peralta, David","444482","2022",".307"
"Blackmon, Charlie","453568","2022",".304"
"Maldonado, Martín","455117","2022",".228"
"Solano, Donovan","456781","2022",".349"
"McCutchen, Andrew","457705","2022",".278"
"Turner, Justin","457759","2022",".313"
"Votto, Joey","458015","2022",".257"
"Andrus, Elvis","462101","2022",".272"
"Santana, Carlos","467793","2022",".209"
"Gurriel Jr., Yuli","493329","2022",".266"
"Rojas, Miguel","500743","2022",".258"
"Escobar, Eduardo","500871","2022",".281"
"Pham, Tommy","502054","2022",".304"
"Martinez, J.D.","502110","2022",".345"
"Goldschmidt, Paul","502671","2022",".368"
"Altuve, Jose","514888","2022",".315"
"Hernández, César","514917","2022",".309"
"Segura, Jean","516416","2022",".307"
"Marte, Starling","516782","2022",".340"
"d'Arnaud, Travis","518595","2022",".306"
"Donaldson, Josh","518626","2022",".283"
"Freeman, Freddie","518692","2022",".359"
"Grandal, Yasmani","518735","2022",".249"
"LeMahieu, DJ","518934","2022",".285"
"Rizzo, Anthony","519203","2022",".216"
"Stanton, Giancarlo","519317","2022",".227"
"Perez, Salvador","521692","2022",".285"
"Flores, Wilmer","527038","2022",".246"
"García, Avisaíl","541645","2022",".298"
"Bethancourt, Christian","542194","2022",".304"
"Ozuna, Marcell","542303","2022",".252"
"Ortega, Rafael","542364","2022",".285"
"Aguilar, Jesús","542583","2022",".278"
"Berti, Jon","542932","2022",".308"
"Crawford, Brandon","543063","2022",".280"
"Cron, C.J.","543068","2022",".307"
"Grossman, Robbie","543257","2022",".283"
"Harrison, Josh","543281","2022",".297"
"Hicks, Aaron","543305","2022",".279"
"Hosmer, Eric","543333","2022",".304"
"Nola, Austin","543592","2022",".284"
"Semien, Marcus","543760","2022",".263"
"Springer III, George","543807","2022",".285"
"Vázquez, Christian","543877","2022",".310"
"Wong, Kolten","543939","2022",".280"
"Garcia, Leury","544725","2022",".255"
"Grichuk, Randal","545341","2022",".309"
"Stassi, Max","545358","2022",".239"
"Trout, Mike","545361","2022",".323"
"Harper, Bryce","547180","2022",".324"
"Abreu, José","547989","2022",".350"
"Díaz, Elias","553869","2022",".270"
"Suárez, Eugenio","553993","2022",".302"
"Urshela, Gio","570482","2022",".326"
"Schoop, Jonathan","570731","2022",".234"
"Arenado, Nolan","571448","2022",".290"
"Barnhart, Tucker","571466","2022",".296"
"Farmer, Kyle","571657","2022",".286"
"Hernández, Enrique","571771","2022",".257"
"Muncy, Max","571970","2022",".227"
"Naquin, Tyler","571980","2022",".291"
"Pollock, AJ","572041","2022",".278"
"Taylor, Michael A.","572191","2022",".321"
"Voit III, Luke","572228","2022",".298"
"Walker, Christian","572233","2022",".248"
"Ruf, Darin","573131","2022",".258"
"Yastrzemski, Mike","573262","2022",".261"
"Contreras, Willson","575929","2022",".270"
"Iglesias, Jose","578428","2022",".326"
"Canha, Mark","592192","2022",".309"
"Castellanos, Nick","592206","2022",".326"
"Drury, Brandon","592273","2022",".293"
"Gamel, Ben","592325","2022",".291"
"Judge, Aaron","592450","2022",".340"
"Machado, Manny","592518","2022",".337"
"Pederson, Joc","592626","2022",".310"
"Realmuto, J.T.","592663","2022",".318"
"Renfroe, Hunter","592669","2022",".281"
"Yelich, Christian","592885","2022",".327"
"Merrifield, Whit","593160","2022",".276"
"Bogaerts, Xander","593428","2022",".362"
"Polanco, Jorge","593871","2022",".269"
"Calhoun, Kole","594777","2022",".263"
"Duvall, Adam","594807","2022",".278"
"Profar, Jurickson","595777","2022",".272"
"Báez, Javier","595879","2022",".292"
"Hedges, Austin","595978","2022",".193"
"Lindor, Francisco","596019","2022",".301"
"Odor, Rougned","596059","2022",".244"
"Slater, Austin","596103","2022",".361"
"Story, Trevor","596115","2022",".309"
"Vogelbach, Daniel","596129","2022",".290"
"Sánchez, Gary","596142","2022",".257"
"Kepler, Max","596146","2022",".249"
"Franco, Maikel","596748","2022",".262"
"Choi, Ji Man","596847","2022",".320"
"Bradley Jr., Jackie","598265","2022",".251"
"Candelario, Jeimer","600869","2022",".257"
"Daza, Yonathan","602074","2022",".347"
"Urías, Ramón","602104","2022",".287"
"Anderson, Brian","605119","2022",".291"
"Bell, Josh","605137","2022",".296"
"Betts, Mookie","605141","2022",".272"
"Caratini, Victor","605170","2022",".228"
"Davis, J.D.","605204","2022",".360"
"Castro, Harold","605612","2022",".318"
"Tapia, Raimel","606132","2022",".315"
"Hernández, Teoscar","606192","2022",".335"
"Marte, Ketel","606466","2022",".276"
"Haase, Eric","606992","2022",".316"
"Nimmo, Brandon","607043","2022",".317"
"Peterson, Jace","607054","2022",".303"
"Turner, Trea","607208","2022",".342"
"Stallings, Jacob","607732","2022",".280"
"Ramírez, José","608070","2022",".279"
"Bregman, Alex","608324","2022",".260"
"Gallo, Joey","608336","2022",".219"
"Kelly, Carson","608348","2022",".247"
"Seager, Corey","608369","2022",".242"
"Winker, Jesse","608385","2022",".251"
"Reyes, Franmil","614177","2022",".307"
"Swanson, Dansby","621020","2022",".348"
"Newman, Kevin","621028","2022",".322"
"Taylor, Chris","621035","2022",".336"
"Correa, Carlos","621043","2022",".339"
"Taylor, Tyrone","621438","2022",".272"
"Buxton, Byron","621439","2022",".244"
"Ward, Taylor","621493","2022",".325"
"Nido, Tomás","621512","2022",".314"
"Wisdom, Patrick","621550","2022",".274"
"Wendle, Joey","621563","2022",".293"
"Olson, Matt","621566","2022",".274"
"Margot, Manuel","622534","2022",".332"
"Reyes, Victor","622682","2022",".322"
"Mateo, Jorge","622761","2022",".286"
"Velazquez, Andrew","623205","2022",".274"
"Ramírez, Harold","623912","2022",".350"
"Santander, Anthony","623993","2022",".248"
"Alonso, Pete","624413","2022",".279"
"Arroyo, Christian","624414","2022",".326"
"Biggio, Cavan","624415","2022",".275"
"Frazier, Adam","624428","2022",".268"
"Trevino, Jose","624431","2022",".274"
"Gordon, Nick","624503","2022",".340"
"Soler, Jorge","624585","2022",".256"
"Hernandez, Yadiel","628450","2022",".326"
"Cronenworth, Jake","630105","2022",".275"
"Pinder, Chad","640461","2022",".313"
"Anderson, Tim","641313","2022",".347"
"Bellinger, Cody","641355","2022",".255"
"Crawford, J.P.","641487","2022",".275"
"Dozier, Hunter","641531","2022",".298"
"Guillorme, Luis","641645","2022",".317"
"Heim, Jonah","641680","2022",".249"
"Mancini III, Trey","641820","2022",".286"
"McMahon, Ryan","641857","2022",".311"
"O'Neill, Tyler","641933","2022",".277"
"Tellez, Rowdy","642133","2022",".215"
"Siri, Jose","642350","2022",".305"
"Rosario, Amed","642708","2022",".326"
"Adames, Willy","642715","2022",".278"
"Estrada, Thairo","642731","2022",".290"
"Benintendi, Andrew","643217","2022",".352"
"Cooper, Garrett","643265","2022",".340"
"Kemp, Tony","643393","2022",".259"
"Kiner-Falefa, Isiah","643396","2022",".296"
"McNeil, Jeff","643446","2022",".353"
"Robles, Victor","645302","2022",".292"
"Devers, Rafael","646240","2022",".329"
"Naylor, Josh","647304","2022",".268"
"Toro, Abraham","647351","2022",".198"
"Díaz, Aledmys","649557","2022",".256"
"Urías, Luis","649966","2022",".274"
"Arraez, Luis","650333","2022",".331"
"Jiménez, Eloy","650391","2022",".337"
"Torres, Gleyber","650402","2022",".295"
"Castro, Willi","650489","2022",".288"
"Díaz, Yandy","650490","2022",".323"
"De La Cruz, Bryan","650559","2022",".304"
"Rengifo, Luis","650859","2022",".285"
"Chapman, Matt","656305","2022",".277"
"Chavis, Michael","656308","2022",".294"
"Hoskins, Rhys","656555","2022",".292"
"Joe, Connor","656582","2022",".296"
"Mullins II, Cedric","656775","2022",".299"
"Rivera, Emmanuel","656896","2022",".275"
"Schwarber, Kyle","656941","2022",".240"
"Thomas, Lane","657041","2022",".291"
"Verdugo, Alex","657077","2022",".309"
"Laureano, Ramón","657656","2022",".262"
"Sheets, Gavin","657757","2022",".272"
"Moncada, Yoán","660162","2022",".265"
"Ohtani, Shohei","660271","2022",".320"
"Acuña Jr., Ronald","660670","2022",".331"
"Ruiz, Keibert","660688","2022",".271"
"Gonzalez, Oscar","660757","2022",".345"
"Sánchez, Jesús","660821","2022",".258"
"Contreras, William","661388","2022",".344"
"Varsho, Daulton","662139","2022",".269"
"Nootbaar, Lars","663457","2022",".248"
"Hoerner, Nico","663538","2022",".300"
"Riley, Austin","663586","2022",".315"
"Mountcastle, Ryan","663624","2022",".303"
"Hayes, Ke'Bryan","663647","2022",".307"
"Tucker, Kyle","663656","2022",".261"
"India, Jonathan","663697","2022",".305"
"Raleigh, Cal","663728","2022",".226"
"Grisham, Trent","663757","2022",".231"
"Vierling, Matt","663837","2022",".290"
"Rodgers, Brendan","663898","2022",".304"
"Lowe, Nathaniel","663993","2022",".363"
"Happ, Ian","664023","2022",".336"
"France, Ty","664034","2022",".296"
"Bader, Harrison","664056","2022",".300"
"Straw, Myles","664702","2022",".261"
"Bohm, Alec","664761","2022",".319"
"Brown, Seth","664913","2022",".273"
"McCarthy, Jake","664983","2022",".349"
"Walsh, Jared","665120","2022",".281"
"Peña, Jeremy","665161","2022",".298"
"Celestino, Gilberto","665482","2022",".310"
"Guerrero Jr., Vladimir","665489","2022",".289"
"Soto, Juan","665742","2022",".249"
"Taveras, Leody","665750","2022",".344"
"Cruz, Oneil","665833","2022",".317"
"Giménez, Andrés","665926","2022",".353"
"Lux, Gavin","666158","2022",".341"
"Bichette, Bo","666182","2022",".347"
"Carlson, Dylan","666185","2022",".281"
"Morel, Christopher","666624","2022",".320"
"Dalbec, Bobby","666915","2022",".293"
"García, Adolis","666969","2022",".309"
"Gurriel Jr., Lourdes","666971","2022",".346"
"Arozarena, Randy","668227","2022",".325"
"Reynolds, Bryan","668804","2022",".306"
"Rutschman, Adley","668939","2022",".291"
"Rojas, Josh","668942","2022",".323"
"Melendez Jr., MJ","669004","2022",".258"
"Marsh, Brandon","669016","2022",".360"
"Murphy, Sean","669221","2022",".290"
"Senzel, Nick","669222","2022",".276"
"Edman, Tommy","669242","2022",".308"
"Smith, Will","669257","2022",".276"
"Suwinski, Jack","669261","2022",".242"
"Espinal, Santiago","669289","2022",".300"
"Miranda, Jose","669304","2022",".307"
"Gorman, Nolan","669357","2022",".301"
"Allen, Nick","669397","2022",".250"
"Hays, Austin","669720","2022",".289"
"Lopez, Nicky","670032","2022",".265"
"Alvarez, Yordan","670541","2022",".320"
"Paredes, Isaac","670623","2022",".195"
"Walls, Taylor","670764","2022",".221"
"González, Luis","670768","2022",".312"
"García, Luis","671277","2022",".337"
"Harris II, Michael","671739","2022",".361"
"Kirk, Alejandro","672386","2022",".299"
"Perdomo, Geraldo","672695","2022",".243"
"Robert Jr., Luis","673357","2022",".329"
"Kim, Ha-Seong","673490","2022",".290"
"Suzuki, Seiya","673548","2022",".326"
"McCormick, Chas","676801","2022",".308"
"Franco, Wander","677551","2022",".290"
"Rodríguez, Julio","677594","2022",".345"
"Thomas, Alek","677950","2022",".263"
"Witt Jr., Bobby","677951","2022",".295"
"Torkelson, Spencer","679529","2022",".255"
"Kwan, Steven","680757","2022",".323"
"Miller, Owen","680911","2022",".290"
"Donovan, Brendan","680977","2022",".330"
"Stott, Bryson","681082","2022",".274"
"Abrams, CJ","682928","2022",".291"
"Greene, Riley","682985","2022",".354"
"Vaughn, Andrew","683734","2022",".301"
"Cabrera, Miguel","408234","2023",".317"
"Peralta, David","444482","2023",".296"
"Blackmon, Charlie","453568","2023",".307"
"Maldonado, Martín","455117","2023",".260"
"Solano, Donovan","456781","2023",".366"
"McCutchen, Andrew","457705","2023",".312"
"Turner, Justin","457759","2023",".304"
"Andrus, Elvis","462101","2023",".294"
"Santana, Carlos","467793","2023",".255"
"Belt, Brandon","474832","2023",".370"
"Gurriel Jr., Yuli","493329","2023",".272"
"Rojas, Miguel","500743","2023",".255"
"Escobar, Eduardo","500871","2023",".286"
"Pham, Tommy","502054","2023",".300"
"Martinez, J.D.","502110","2023",".324"
"Goldschmidt, Paul","502671","2023",".327"
"Altuve, Jose","514888","2023",".348"
"Segura, Jean","516416","2023",".251"
"Marte, Starling","516782","2023",".303"
"Freeman, Freddie","518692","2023",".370"
"Grandal, Yasmani","518735","2023",".284"
"Heyward, Jason","518792","2023",".291"
"LeMahieu, DJ","518934","2023",".295"
"Moustakas, Mike","519058","2023",".296"
"Rizzo, Anthony","519203","2023",".298"
"Stanton, Giancarlo","519317","2023",".210"
"Perez, Salvador","521692","2023",".294"
"Flores, Wilmer","527038","2023",".286"
"Bethancourt, Christian","542194","2023",".278"
"Ozuna, Marcell","542303","2023",".293"
"Berti, Jon","542932","2023",".349"
"Crawford, Brandon","543063","2023",".241"
"Gomes, Yan","543228","2023",".309"
"Grossman, Robbie","543257","2023",".292"
"Hicks, Aaron","543305","2023",".311"
"Semien, Marcus","543760","2023",".291"
"Springer III, George","543807","2023",".291"
"Vázquez, Christian","543877","2023",".279"
"Grichuk, Randal","545341","2023",".309"
"Trout, Mike","545361","2023",".335"
"Harper, Bryce","547180","2023",".352"
"Abreu, José","547989","2023",".276"
"Díaz, Elias","553869","2023",".324"
"Suárez, Eugenio","553993","2023",".314"
"Arenado, Nolan","571448","2023",".279"
"Farmer, Kyle","571657","2023",".311"
"Hernández, Enrique","571771","2023",".273"
"Muncy, Max","571970","2023",".221"
"Taylor, Michael A.","572191","2023",".278"
"Walker, Christian","572233","2023",".272"
"Yastrzemski, Mike","573262","2023",".286"
"Contreras, Willson","575929","2023",".311"
"Bryant, Kris","592178","2023",".270"
"Canha, Mark","592192","2023",".293"
"Castellanos, Nick","592206","2023",".337"
"Drury, Brandon","592273","2023",".308"
"Judge, Aaron","592450","2023",".300"
"Machado, Manny","592518","2023",".268"
"Pederson, Joc","592626","2023",".268"
"Realmuto, J.T.","592663","2023",".307"
"Renfroe, Hunter","592669","2023",".270"
"Rosario, Eddie","592696","2023",".300"
"Yelich, Christian","592885","2023",".342"
"Merrifield, Whit","593160","2023",".313"
"Bogaerts, Xander","593428","2023",".319"
"Polanco, Jorge","593871","2023",".310"
"Duvall, Adam","594807","2023",".299"
"Kiermaier, Kevin","595281","2023",".321"
"Profar, Jurickson","595777","2023",".279"
"Báez, Javier","595879","2023",".274"
"Lindor, Francisco","596019","2023",".277"
"Vogelbach, Daniel","596129","2023",".282"
"Kepler, Max","596146","2023",".288"
"Candelario, Jeimer","600869","2023",".292"
"Urías, Ramón","602104","2023",".355"
"Anderson, Brian","605119","2023",".309"
"Bell, Josh","605137","2023",".287"
"Betts, Mookie","605141","2023",".316"
"Davis, J.D.","605204","2023",".320"
"Arcia, Orlando","606115","2023",".301"
"Hernández, Teoscar","606192","2023",".342"
"Marte, Ketel","606466","2023",".300"
"Nimmo, Brandon","607043","2023",".324"
"Peterson, Jace","607054","2023",".270"
"Turner, Trea","607208","2023",".310"
"Ramírez, José","608070","2023",".285"
"Bregman, Alex","608324","2023",".270"
"Gallo, Joey","608336","2023",".244"
"Seager, Corey","608369","2023",".340"
"Meneses, Joey","608841","2023",".329"
"Swanson, Dansby","621020","2023",".297"
"Taylor, Chris","621035","2023",".327"
"Correa, Carlos","621043","2023",".272"
"Buxton, Byron","621439","2023",".253"
"Ward, Taylor","621493","2023",".284"
"Wisdom, Patrick","621550","2023",".237"
"Wendle, Joey","621563","2023",".264"
"Olson, Matt","621566","2023",".302"
"Margot, Manuel","622534","2023",".306"
"Mateo, Jorge","622761","2023",".267"
"Ramírez, Harold","623912","2023",".359"
"Santander, Anthony","623993","2023",".299"
"Alonso, Pete","624413","2023",".205"
"Biggio, Cavan","624415","2023",".304"
"Conforto, Michael","624424","2023",".284"
"Frazier, Adam","624428","2023",".258"
"Soler, Jorge","624585","2023",".272"
"Sosa, Edmundo","624641","2023",".306"
"Ibáñez, Andy","628451","2023",".300"
"Cronenworth, Jake","630105","2023",".267"
"Anderson, Tim","641313","2023",".323"
"Bellinger, Cody","641355","2023",".319"
"Crawford, J.P.","641487","2023",".314"
"Fraley, Jake","641584","2023",".283"
"Garver, Mitch","641598","2023",".313"
"Heim, Jonah","641680","2023",".289"
"McMahon, Ryan","641857","2023",".326"
"Smith, Dominic","642086","2023",".286"
"Tellez, Rowdy","642133","2023",".249"
"Thaiss, Matt","642136","2023",".272"
"Siri, Jose","642350","2023",".269"
"Rosario, Amed","642708","2023",".314"
"Adames, Willy","642715","2023",".259"
"Estrada, Thairo","642731","2023",".331"
"Benintendi, Andrew","643217","2023",".301"
"Cooper, Garrett","643265","2023",".324"
"Dubón, Mauricio","643289","2023",".308"
"Jansen, Danny","643376","2023",".233"
"Kemp, Tony","643393","2023",".221"
"Kiner-Falefa, Isiah","643396","2023",".289"
"McNeil, Jeff","643446","2023",".288"
"Tauchman, Mike","643565","2023",".313"
"Albies, Ozzie","645277","2023",".289"
"Devers, Rafael","646240","2023",".292"
"Naylor, Josh","647304","2023",".326"
"Díaz, Aledmys","649557","2023",".273"
"Arraez, Luis","650333","2023",".362"
"Jiménez, Eloy","650391","2023",".305"
"Torres, Gleyber","650402","2023",".288"
"Castro, Willi","650489","2023",".328"
"Díaz, Yandy","650490","2023",".367"
"De La Cruz, Bryan","650559","2023",".307"
"Rengifo, Luis","650859","2023",".293"
"Monasterio, Andruw","655316","2023",".326"
"Chapman, Matt","656305","2023",".319"
"Joe, Connor","656582","2023",".311"
"McKinstry, Zach","656716","2023",".284"
"Mullins II, Cedric","656775","2023",".271"
"O'Hearn, Ryan","656811","2023",".340"
"Schwarber, Kyle","656941","2023",".209"
"Thomas, Lane","657041","2023",".325"
"Verdugo, Alex","657077","2023",".294"
"Wong, Connor","657136","2023",".341"
"DeJong, Paul","657557","2023",".264"
"Laureano, Ramón","657656","2023",".301"
"Sheets, Gavin","657757","2023",".222"
"Olivares, Edward","658668","2023",".289"
"Moncada, Yoán","660162","2023",".350"
"Ohtani, Shohei","660271","2023",".342"
"Acuña Jr., Ronald","660670","2023",".338"
"Ruiz, Keibert","660688","2023",".263"
"Montero, Elehuris","660707","2023",".352"
"Sánchez, Jesús","660821","2023",".321"
"Contreras, William","661388","2023",".348"
"Varsho, Daulton","662139","2023",".256"
"Nootbaar, Lars","663457","2023",".307"
"Hoerner, Nico","663538","2023",".312"
"Riley, Austin","663586","2023",".324"
"Mountcastle, Ryan","663624","2023",".315"
"Hayes, Ke'Bryan","663647","2023",".315"
"Tucker, Kyle","663656","2023",".289"
"India, Jonathan","663697","2023",".281"
"Raleigh, Cal","663728","2023",".273"
"Fortes, Nick","663743","2023",".234"
"Grisham, Trent","663757","2023",".264"
"Vierling, Matt","663837","2023",".321"
"Stephenson, Tyler","663886","2023",".314"
"Lowe, Nathaniel","663993","2023",".329"
"Happ, Ian","664023","2023",".299"
"France, Ty","664034","2023",".294"
"Lowe, Brandon","664040","2023",".275"
"Bader, Harrison","664056","2023",".261"
"Straw, Myles","664702","2023",".295"
"Isbel, Kyle","664728","2023",".283"
"Bohm, Alec","664761","2023",".296"
"Wade Jr., LaMonte","664774","2023",".290"
"Brown, Seth","664913","2023",".270"
"McCarthy, Jake","664983","2023",".305"
"Peña, Jeremy","665161","2023",".323"
"Tatis Jr., Fernando","665487","2023",".299"
"Guerrero Jr., Vladimir","665489","2023",".277"
"Soto, Juan","665742","2023",".296"
"Taveras, Leody","665750","2023",".318"
"Cabrera, Oswaldo","665828","2023",".260"
"Chisholm Jr., Jazz","665862","2023",".318"
"Ruiz, Esteury","665923","2023",".315"
"Giménez, Andrés","665926","2023",".289"
"Jones, Nolan","666134","2023",".401"
"Kirilloff, Alex","666135","2023",".337"
"Lowe, Josh","666139","2023",".357"
"Moniak, Mickey","666160","2023",".397"
"Sabol, Blake","666165","2023",".330"
"Benson, Will","666181","2023",".391"
"Bichette, Bo","666182","2023",".355"
"Julien, Edouard","666397","2023",".371"
"Morel, Christopher","666624","2023",".303"
"García, Adolis","666969","2023",".280"
"Gurriel Jr., Lourdes","666971","2023",".282"
"Julks, Corey","667452","2023",".306"
"Rooker Jr., Brent","667670","2023",".317"
"Arozarena, Randy","668227","2023",".310"
"Pratto, Nick","668472","2023",".388"
"Rogers, Jake","668670","2023",".268"
"Bleday, JJ","668709","2023",".226"
"Steer, Spencer","668715","2023",".318"
"Baddoo, Akil","668731","2023",".268"
"Reynolds, Bryan","668804","2023",".304"
"Turang, Brice","668930","2023",".268"
"Rutschman, Adley","668939","2023",".303"
"Rojas, Josh","668942","2023",".313"
"Melendez Jr., MJ","669004","2023",".311"
"Marsh, Brandon","669016","2023",".397"
"Langeliers, Shea","669127","2023",".246"
"Murphy, Sean","669221","2023",".286"
"Senzel, Nick","669222","2023",".269"
"Edman, Tommy","669242","2023",".275"
"Smith, Will","669257","2023",".277"
"Suwinski, Jack","669261","2023",".290"
"Gorman, Nolan","669357","2023",".296"
"Burger, Jake","669394","2023",".284"
"Allen, Nick","669397","2023",".253"
"Hays, Austin","669720","2023",".345"
"Call, Alex","669743","2023",".230"
"Raley, Luke","670042","2023",".330"
"Alvarez, Yordan","670541","2023",".306"
"Paredes, Isaac","670623","2023",".257"
"Walls, Taylor","670764","2023",".261"
"Friedl Jr., TJ","670770","2023",".308"
"Casas, Triston","671213","2023",".317"
"Waters, Drew","671221","2023",".321"
"García, Luis","671277","2023",".286"
"Harris II, Michael","671739","2023",".334"
"Bailey, Patrick","672275","2023",".314"
"Kelenic, Jarred","672284","2023",".359"
"Arias, Gabriel","672356","2023",".290"
"Kirk, Alejandro","672386","2023",".265"
"Moreno, Gabriel","672515","2023",".338"
"Garcia, Maikel","672580","2023",".344"
"Perdomo, Geraldo","672695","2023",".295"
"Diaz, Yainer","673237","2023",".292"
"Robert Jr., Luis","673357","2023",".314"
"Kim, Ha-Seong","673490","2023",".306"
"Suzuki, Seiya","673548","2023",".341"
"Jung, Josh","673962","2023",".340"
"Noda, Ryan","676116","2023",".347"
"Burleson, Alec","676475","2023",".261"
"Meyers, Jake","676694","2023",".283"
"McCormick, Chas","676801","2023",".331"
"Franco, Wander","677551","2023",".297"
"Rodríguez, Julio","677594","2023",".330"
"Duran, Ezequiel","677649","2023",".358"
"Thomas, Alek","677950","2023",".273"
"Witt Jr., Bobby","677951","2023",".295"
"Bae, Ji Hwan","678225","2023",".310"
"Vargas, Miguel","678246","2023",".224"
"Tovar, Ezequiel","678662","2023",".328"
"Torkelson, Spencer","679529","2023",".269"
"McLain, Matt","680574","2023",".385"
"Kwan, Steven","680757","2023",".294"
"Duran, Jarren","680776","2023",".381"
"Jeffers, Ryan","680777","2023",".359"
"Gelof, Zack","680869","2023",".331"
"Miller, Owen","680911","2023",".310"
"Donovan, Brendan","680977","2023",".311"
"Stott, Bryson","681082","2023",".312"
"Carpenter, Kerry","681481","2023",".338"
"Outman, James","681546","2023",".343"
"Alvarez, Francisco","682626","2023",".222"
"De La Cruz, Elly","682829","2023",".336"
"Abrams, CJ","682928","2023",".279"
"Greene, Riley","682985","2023",".384"
"Carroll, Corbin","682998","2023",".325"
"Henderson, Gunnar","683002","2023",".306"
"Volpe, Anthony","683011","2023",".259"
"Baty, Brett","683146","2023",".280"
"Vaughn, Andrew","683734","2023",".299"
"Doyle, Brenton","686668","2023",".295"
"Massey, Michael","686681","2023",".261"
"Brennan, Will","686823","2023",".296"
"Wiemer Jr., Joey","686894","2023",".258"
"Neto, Zach","687263","2023",".272"
"Walker, Jordan","691023","2023",".331"
"Yoshida, Masataka","807799","2023",".316"
"Blackmon, Charlie","453568","2024",".293"
"Solano, Donovan","456781","2024",".346"
"McCutchen, Andrew","457705","2024",".283"
"Turner, Justin","457759","2024",".299"
"Santana, Carlos","467793","2024",".252"
"Rojas, Miguel","500743","2024",".301"
"Pham, Tommy","502054","2024",".307"
"Martinez, J.D.","502110","2024",".308"
"Goldschmidt, Paul","502671","2024",".308"
"Altuve, Jose","514888","2024",".337"
"Marte, Starling","516782","2024",".333"
"d'Arnaud, Travis","518595","2024",".280"
"Freeman, Freddie","518692","2024",".306"
"Rizzo, Anthony","519203","2024",".259"
"Stanton, Giancarlo","519317","2024",".281"
"Perez, Salvador","521692","2024",".302"
"Ozuna, Marcell","542303","2024",".359"
"Semien, Marcus","543760","2024",".250"
"Springer III, George","543807","2024",".245"
"Vázquez, Christian","543877","2024",".257"
"Vargas, Ildemaro","545121","2024",".269"
"Harper, Bryce","547180","2024",".331"
"Díaz, Elias","553869","2024",".317"
"Suárez, Eugenio","553993","2024",".309"
"Urshela, Gio","570482","2024",".278"
"Arenado, Nolan","571448","2024",".296"
"Haniger, Mitch","571745","2024",".276"
"Hernández, Enrique","571771","2024",".257"
"Singleton, Jon","572138","2024",".299"
"Taylor, Michael A.","572191","2024",".288"
"Walker, Christian","572233","2024",".287"
"Yastrzemski, Mike","573262","2024",".282"
"Contreras, Willson","575929","2024",".337"
"Canha, Mark","592192","2024",".298"
"Castellanos, Nick","592206","2024",".294"
"Drury, Brandon","592273","2024",".210"
"Judge, Aaron","592450","2024",".367"
"Machado, Manny","592518","2024",".302"
"Pederson, Joc","592626","2024",".322"
"Realmuto, J.T.","592663","2024",".328"
"Renfroe, Hunter","592669","2024",".254"
"Rosario, Eddie","592696","2024",".196"
"Yelich, Christian","592885","2024",".366"
"Merrifield, Whit","593160","2024",".257"
"Bogaerts, Xander","593428","2024",".297"
"Polanco, Jorge","593871","2024",".275"
"Duvall, Adam","594807","2024",".227"
"Profar, Jurickson","595777","2024",".302"
"Cave, Jake","595909","2024",".335"
"Lindor, Francisco","596019","2024",".295"
"Kepler, Max","596146","2024",".300"
"Candelario, Jeimer","600869","2024",".257"
"Urías, Ramón","602104","2024",".280"
"Bell, Josh","605137","2024",".286"
"Betts, Mookie","605141","2024",".294"
"Arcia, Orlando","606115","2024",".249"
"Hernández, Teoscar","606192","2024",".344"
"Marte, Ketel","606466","2024",".299"
"Nimmo, Brandon","607043","2024",".267"
"Turner, Trea","607208","2024",".331"
"Pillar, Kevin","607680","2024",".271"
"Ramírez, José","608070","2024",".265"
"Bregman, Alex","608324","2024",".264"
"Kelly, Carson","608348","2024",".266"
"Seager, Corey","608369","2024",".291"
"Winker, Jesse","608385","2024",".304"
"Refsnyder, Rob","608701","2024",".359"
"Meneses, Joey","608841","2024",".281"
"Andujar, Miguel","609280","2024",".319"
"Swanson, Dansby","621020","2024",".300"
"Newman, Kevin","621028","2024",".322"
"Correa, Carlos","621043","2024",".343"
"Taylor, Tyrone","621438","2024",".309"
"Buxton, Byron","621439","2024",".338"
"Ward, Taylor","621493","2024",".294"
"Olson, Matt","621566","2024",".293"
"Margot, Manuel","622534","2024",".273"
"Santander, Anthony","623993","2024",".225"
"Alonso, Pete","624413","2024",".276"
"Conforto, Michael","624424","2024",".277"
"Soler, Jorge","624585","2024",".293"
"Cronenworth, Jake","630105","2024",".274"
"Bauers, Jake","641343","2024",".279"
"Bellinger, Cody","641355","2024",".287"
"Crawford, J.P.","641487","2024",".248"
"Fraley, Jake","641584","2024",".331"
"Garver, Mitch","641598","2024",".216"
"Heim, Jonah","641680","2024",".246"
"McMahon, Ryan","641857","2024",".320"
"O'Neill, Tyler","641933","2024",".305"
"Smith, Dominic","642086","2024",".301"
"Tellez, Rowdy","642133","2024",".280"
"Siri, Jose","642350","2024",".261"
"Rosario, Amed","642708","2024",".350"
"Adames, Willy","642715","2024",".297"
"Estrada, Thairo","642731","2024",".249"
"Benintendi, Andrew","643217","2024",".245"
"Dubón, Mauricio","643289","2024",".299"
"Jansen, Danny","643376","2024",".227"
"Kiner-Falefa, Isiah","643396","2024",".307"
"McNeil, Jeff","643446","2024",".256"
"Tauchman, Mike","643565","2024",".302"
"Albies, Ozzie","645277","2024",".274"
"Devers, Rafael","646240","2024",".323"
"Naylor, Josh","647304","2024",".246"
"Toro, Abraham","647351","2024",".279"
"Arraez, Luis","650333","2024",".324"
"Jiménez, Eloy","650391","2024",".285"
"Torres, Gleyber","650402","2024",".306"
"Castro, Willi","650489","2024",".315"
"Díaz, Yandy","650490","2024",".314"
"De La Cruz, Bryan","650559","2024",".289"
"Rengifo, Luis","650859","2024",".339"
"Chapman, Matt","656305","2024",".293"
"Hoskins, Rhys","656555","2024",".250"
"Joe, Connor","656582","2024",".278"
"McKinstry, Zach","656716","2024",".265"
"Mullins II, Cedric","656775","2024",".261"
"O'Hearn, Ryan","656811","2024",".282"
"Rivera, Emmanuel","656896","2024",".296"
"Schwarber, Kyle","656941","2024",".301"
"Thomas, Lane","657041","2024",".298"
"Verdugo, Alex","657077","2024",".253"
"Wong, Connor","657136","2024",".348"
"DeJong, Paul","657557","2024",".285"
"Laureano, Ramón","657656","2024",".350"
"Sheets, Gavin","657757","2024",".281"
"Ohtani, Shohei","660271","2024",".336"
"Ruiz, Keibert","660688","2024",".232"
"Sánchez, Jesús","660821","2024",".315"
"Contreras, William","661388","2024",".330"
"Varsho, Daulton","662139","2024",".262"
"Perkins, Blake","663368","2024",".313"
"Nootbaar, Lars","663457","2024",".281"
"Hoerner, Nico","663538","2024",".297"
"Riley, Austin","663586","2024",".310"
"Larnach, Trevor","663616","2024",".304"
"Mountcastle, Ryan","663624","2024",".327"
"Hayes, Ke'Bryan","663647","2024",".279"
"Tucker, Kyle","663656","2024",".282"
"India, Jonathan","663697","2024",".292"
"Raleigh, Cal","663728","2024",".251"
"Fortes, Nick","663743","2024",".246"
"Vierling, Matt","663837","2024",".303"
"Stephenson, Tyler","663886","2024",".307"
"Rodgers, Brendan","663898","2024",".338"
"Lowe, Nathaniel","663993","2024",".324"
"Happ, Ian","664023","2024",".299"
"France, Ty","664034","2024",".277"
"Lowe, Brandon","664040","2024",".287"
"Bader, Harrison","664056","2024",".276"
"Moore, Dylan","664238","2024",".267"
"Isbel, Kyle","664728","2024",".276"
"Bohm, Alec","664761","2024",".305"
"Wade Jr., LaMonte","664774","2024",".331"
"Brown, Seth","664913","2024",".291"
"McCarthy, Jake","664983","2024",".329"
"Peña, Jeremy","665161","2024",".301"
"Tatis Jr., Fernando","665487","2024",".316"
"Guerrero Jr., Vladimir","665489","2024",".342"
"Soto, Juan","665742","2024",".298"
"Taveras, Leody","665750","2024",".272"
"Amaya, Miguel","665804","2024",".261"
"Cabrera, Oswaldo","665828","2024",".286"
"Cruz, Oneil","665833","2024",".347"
"Chisholm Jr., Jazz","665862","2024",".309"
"Giménez, Andrés","665926","2024",".286"
"Fermin, Freddy","666023","2024",".319"
"Lowe, Josh","666139","2024",".338"
"Fitzgerald, Tyler","666149","2024",".380"
"Hamilton, David","666152","2024",".316"
"Lux, Gavin","666158","2024",".312"
"Moniak, Mickey","666160","2024",".272"
"Rortvedt, Ben","666163","2024",".317"
"Adell, Jo","666176","2024",".244"
"Benson, Will","666181","2024",".282"
"Bichette, Bo","666182","2024",".269"
"Naylor, Bo","666310","2024",".262"
"Julien, Edouard","666397","2024",".288"
"Morel, Christopher","666624","2024",".233"
"García, Adolis","666969","2024",".273"
"Gurriel Jr., Lourdes","666971","2024",".313"
"Rooker Jr., Brent","667670","2024",".362"
"Arozarena, Randy","668227","2024",".275"
"Rogers, Jake","668670","2024",".251"
"Bleday, JJ","668709","2024",".279"
"Steer, Spencer","668715","2024",".260"
"Reynolds, Bryan","668804","2024",".330"
"Vientos, Mark","668901","2024",".324"
"Lewis, Royce","668904","2024",".251"
"Turang, Brice","668930","2024",".300"
"Rutschman, Adley","668939","2024",".272"
"Rojas, Josh","668942","2024",".282"
"Melendez Jr., MJ","669004","2024",".241"
"Marsh, Brandon","669016","2024",".348"
"Langeliers, Shea","669127","2024",".252"
"Wells, Austin","669224","2024",".261"
"Smith, Will","669257","2024",".273"
"Espinal, Santiago","669289","2024",".265"
"Miranda, Jose","669304","2024",".318"
"Gorman, Nolan","669357","2024",".279"
"Edwards, Xavier","669364","2024",".398"
"Burger, Jake","669394","2024",".292"
"Smith, Josh","669701","2024",".311"
"Triolo, Jared","669707","2024",".279"
"Toglia, Michael","669911","2024",".270"
"Lopez, Nicky","670032","2024",".288"
"Raley, Luke","670042","2024",".305"
"Alvarez, Yordan","670541","2024",".317"
"Paredes, Isaac","670623","2024",".259"
"Friedl Jr., TJ","670770","2024",".229"
"Ramos, Heliot","671218","2024",".329"
"García, Luis","671277","2024",".310"
"Freeman, Tyler","671289","2024",".227"
"Butler, Lawrence","671732","2024",".301"
"Harris II, Michael","671739","2024",".300"
"Bailey, Patrick","672275","2024",".287"
"Siani, Michael","672279","2024",".322"
"Kelenic, Jarred","672284","2024",".300"
"Kirk, Alejandro","672386","2024",".276"
"Moreno, Gabriel","672515","2024",".303"
"Garcia, Maikel","672580","2024",".268"
"Lopez, Otto","672640","2024",".318"
"Perdomo, Geraldo","672695","2024",".317"
"Pérez, Wenceel","672761","2024",".294"
"Sosa, Lenyn","672820","2024",".303"
"Diaz, Yainer","673237","2024",".338"
"Robert Jr., Luis","673357","2024",".310"
"Kim, Ha-Seong","673490","2024",".261"
"Suzuki, Seiya","673548","2024",".370"
"Westburg, Jordan","676059","2024",".305"
"DeLuca, Jonny","676356","2024",".265"
"Clement, Ernie","676391","2024",".266"
"Burleson, Alec","676475","2024",".276"
"Caballero, José","676609","2024",".301"
"Meyers, Jake","676694","2024",".263"
"Schneider, Davis","676914","2024",".257"
"Rocchio, Brayan","677587","2024",".245"
"Rodríguez, Julio","677594","2024",".344"
"Abreu, Wilyer","677800","2024",".326"
"Witt Jr., Bobby","677951","2024",".354"
"Tovar, Ezequiel","678662","2024",".344"
"Rafaela, Ceddanne","678882","2024",".312"
"Rojas, Johan","679032","2024",".297"
"Torkelson, Spencer","679529","2024",".285"
"Schuemann, Max","680474","2024",".292"
"Palacios, Richie","680700","2024",".280"
"Kwan, Steven","680757","2024",".304"
"Duran, Jarren","680776","2024",".345"
"Jeffers, Ryan","680777","2024",".238"
"Gelof, Zack","680869","2024",".296"
"Donovan, Brendan","680977","2024",".300"
"Stott, Bryson","681082","2024",".275"
"Cowser, Colton","681297","2024",".317"
"O'Hoppe, Logan","681351","2024",".318"
"Pages, Andy","681624","2024",".304"
"Fry, David","681807","2024",".307"
"Alvarez, Francisco","682626","2024",".291"
"De La Cruz, Elly","682829","2024",".359"
"Abrams, CJ","682928","2024",".285"
"Greene, Riley","682985","2024",".329"
"Carroll, Corbin","682998","2024",".256"
"Henderson, Gunnar","683002","2024",".320"
"Volpe, Anthony","683011","2024",".303"
"Vaughn, Andrew","683734","2024",".285"
"Busch, Michael","683737","2024",".322"
"Frelick, Sal","686217","2024",".306"
"Pasquantino, Vinnie","686469","2024",".265"
"Doyle, Brenton","686668","2024",".316"
"Lee, Korey","686676","2024",".276"
"Massey, Michael","686681","2024",".271"
"Brennan, Will","686823","2024",".287"
"Neto, Zach","687263","2024",".295"
"Ortiz, Joey","687401","2024",".283"
"Horwitz, Spencer","687462","2024",".300"
"Keith, Colt","690993","2024",".306"
"Winn, Masyn","691026","2024",".303"
"Crow-Armstrong, Pete","691718","2024",".292"
"Gonzales, Nick","693304","2024",".319"
"Chourio, Jackson","694192","2024",".320"
"Schanuel, Nolan","694384","2024",".285"
"Langford, Wyatt","694671","2024",".296"
"Wood, James","695578","2024",".365"
"Young, Jacob","696285","2024",".321"
"Merrill, Jackson","701538","2024",".318"
"Yoshida, Masataka","807799","2024",".302"